{"gradients/graph_1fc2.bias":{"values":[1,0,0,0,0,0,0,0,0,0,0,0,0,0,0,0,0,0,0,0,0,0,1,0,0,0,0,0,0,0,0,1,0,0,1,0,1,0,1,1,1,0,0,0,0,0,0,0,0,0,0,0,0,1,0,0,0,0,0,0,0,0,0,1],"bins":[-0.02405201457440853,-0.023385439068078995,-0.02271886169910431,-0.022052286192774773,-0.021385710686445236,-0.0207191351801157,-0.020052559673786163,-0.019385982304811478,-0.01871940679848194,-0.018052831292152405,-0.01738625392317772,-0.016719678416848183,-0.016053102910518646,-0.01538652740418911,-0.014719950966536999,-0.014053374528884888,-0.013386799022555351,-0.012720223516225815,-0.012053647078573704,-0.011387070640921593,-0.010720495134592056,-0.01005391962826252,-0.009387343190610409,-0.008720766752958298,-0.008054191246628761,-0.0073876152746379375,-0.006721039302647114,-0.00605446333065629,-0.005387887358665466,-0.0047213113866746426,-0.004054735414683819,-0.003388159442692995,-0.002721581608057022,-0.0020550056360661983,-0.0013884296640753746,-0.0007218536920845509,-5.527772009372711e-05,0.0006112982518970966,0.0012778742238879204,0.0019444501958787441,0.002611026167869568,0.0032776021398603916,0.003944178111851215,0.004610754083842039,0.005277330055832863,0.005943906027823687,0.00661048199981451,0.007277057971805334,0.007943633943796158,0.008610209450125694,0.009276785887777805,0.009943362325429916,0.010609937831759453,0.01127651333808899,0.0119430897757411,0.012609666213393211,0.013276241719722748,0.013942817226052284,0.014609393663704395,0.015275970101356506,0.015942545607686043,0.01660912111401558,0.017275698482990265,0.0179422739893198,0.018608849495649338],"_type":"histogram"},"parameters/graph_1fc1.bias":{"values":[1,0,0,0,0,0,0,0,0,0,0,0,0,0,0,0,0,0,0,1,0,0,0,0,0,0,0,0,0,1,0,0,0,1,0,0,0,0,0,0,0,0,1,0,0,0,0,1,0,0,0,1,0,1,0,1,0,0,0,0,0,0,0,1],"bins":[-0.03890436515212059,-0.036959003657102585,-0.03501364588737488,-0.03306828439235687,-0.031122924759984016,-0.02917756512761116,-0.027232203632593155,-0.0252868440002203,-0.023341484367847443,-0.021396124735474586,-0.01945076510310173,-0.017505403608083725,-0.015560043975710869,-0.013614684343338013,-0.011669323779642582,-0.009723963215947151,-0.007778603583574295,-0.005833243485540152,-0.003887883387506008,-0.0019425232894718647,2.8368085622787476e-06,0.0019481969065964222,0.0038935570046305656,0.005838917102664709,0.0077842772006988525,0.009729636833071709,0.01167499739676714,0.01362035796046257,0.015565717592835426,0.017511077225208282,0.019456438720226288,0.021401798352599144,0.0233471542596817,0.025292513892054558,0.027237873524427414,0.02918323501944542,0.031128594651818275,0.03307395428419113,0.03501931577920914,0.036964673548936844,0.03891003504395485,0.040855396538972855,0.04280075430870056,0.04474611580371857,0.04669147729873657,0.04863683506846428,0.050582196563482285,0.05252755433320999,0.054472915828228,0.056418277323246,0.05836363509297371,0.060308996587991714,0.06225435435771942,0.06419971585273743,0.06614507734775543,0.06809043884277344,0.07003580033779144,0.07198115438222885,0.07392651587724686,0.07587187737226486,0.07781723886728287,0.07976260036230087,0.08170795440673828,0.08365331590175629,0.08559867739677429],"_type":"histogram"},"gradients/graph_1fc2.weight":{"values":[1,0,1,1,0,0,0,0,0,0,0,1,0,0,0,0,0,0,0,0,1,2,2,1,1,0,0,1,0,0,1,1,5,1,6,6,15,11,5,12,8,1,1,0,1,0,3,2,2,0,1,0,1,1,1,0,0,0,0,0,1,1,0,1],"bins":[-0.4819183945655823,-0.4688514471054077,-0.45578446984291077,-0.4427175223827362,-0.42965054512023926,-0.4165835976600647,-0.40351662039756775,-0.3904496729373932,-0.37738269567489624,-0.3643157482147217,-0.3512488007545471,-0.33818182349205017,-0.3251148760318756,-0.31204789876937866,-0.2989809513092041,-0.28591397404670715,-0.2728470265865326,-0.25978007912635803,-0.24671310186386108,-0.23364613950252533,-0.22057917714118958,-0.20751222968101501,-0.19444526731967926,-0.1813783049583435,-0.16831134259700775,-0.155244380235672,-0.14217741787433624,-0.1291104555130005,-0.11604350060224533,-0.10297653824090958,-0.08990958333015442,-0.07684262096881866,-0.0637756884098053,-0.05070872604846954,-0.03764176741242409,-0.024574806913733482,-0.011507846415042877,0.001559114083647728,0.014626074582338333,0.02769303508102894,0.04075999557971954,0.0538269579410553,0.06689392030239105,0.07996087521314621,0.09302783757448196,0.10609479993581772,0.11916175484657288,0.13222871720790863,0.14529567956924438,0.15836264193058014,0.1714296042919159,0.18449656665325165,0.1975635290145874,0.21063047647476196,0.22369743883609772,0.23676440119743347,0.24983136355876923,0.262898325920105,0.27596527338027954,0.2890322506427765,0.30209919810295105,0.315166175365448,0.32823312282562256,0.3413001000881195,0.35436704754829407],"_type":"histogram"},"_wandb":{"runtime":58},"_timestamp":1.7557061487548091e+09,"val/accuracy":0.9305833578109741,"epoch":15,"parameters/graph_1fc2.bias":{"_type":"histogram","values":[1,0,0,0,0,0,1,0,0,0,0,0,0,0,0,0,0,0,1,0,1,0,0,0,0,1,0,1,1,0,0,0,0,0,0,0,0,0,0,0,0,0,0,0,1,0,0,0,0,0,0,0,0,0,0,0,0,0,0,1,0,0,0,1],"bins":[-0.2236488163471222,-0.21543286740779877,-0.20721691846847534,-0.19900096952915192,-0.1907850205898285,-0.18256907165050507,-0.17435312271118164,-0.16613717377185822,-0.1579212248325348,-0.14970527589321136,-0.14148932695388794,-0.13327337801456451,-0.1250574290752411,-0.11684148013591766,-0.10862553119659424,-0.10040958225727081,-0.09219363331794739,-0.08397768437862396,-0.07576173543930054,-0.06754578649997711,-0.059329837560653687,-0.05111388862133026,-0.042897939682006836,-0.03468199074268341,-0.026466041803359985,-0.01825009286403656,-0.010034143924713135,-0.0018181949853897095,0.006397753953933716,0.014613702893257141,0.022829651832580566,0.03104560077190399,0.039261579513549805,0.04747752845287323,0.055693477392196655,0.06390942633152008,0.0721253752708435,0.08034132421016693,0.08855727314949036,0.09677322208881378,0.10498917102813721,0.11320511996746063,0.12142106890678406,0.12963701784610748,0.1378529667854309,0.14606891572475433,0.15428486466407776,0.16250081360340118,0.1707167625427246,0.17893271148204803,0.18714866042137146,0.19536460936069489,0.2035805583000183,0.21179650723934174,0.22001245617866516,0.2282284051179886,0.236444354057312,0.24466030299663544,0.25287625193595886,0.2610921859741211,0.2693081498146057,0.27752411365509033,0.28574004769325256,0.2939559817314148,0.3021719455718994]},"_step":29,"gradients/graph_1fc1.bias":{"bins":[-0.010172774083912373,-0.009760220535099506,-0.009347667917609215,-0.008935114368796349,-0.008522560819983482,-0.00811000820249319,-0.0076974546536803246,-0.007284901104867458,-0.0068723480217158794,-0.0064597949385643005,-0.006047241389751434,-0.005634688306599855,-0.0052221352234482765,-0.00480958167463541,-0.004397028591483831,-0.003984475042670965,-0.0035719219595193863,-0.0031593686435371637,-0.002746815327554941,-0.0023342622444033623,-0.0019217089284211397,-0.0015091556124389172,-0.0010966024128720164,-0.0006840491550974548,-0.00027149589732289314,0.0001410573604516685,0.0005536106182262301,0.0009661638760007918,0.0013787171337753534,0.001791270449757576,0.002203823532909155,0.0026163768488913774,0.0030289310961961746,0.003441484412178397,0.0038540377281606197,0.004266590811312199,0.004679144360125065,0.005091697443276644,0.005504250526428223,0.005916804075241089,0.006329357158392668,0.006741910241544247,0.007154463790357113,0.007567016873508692,0.00797956995666027,0.008392123505473137,0.008804677054286003,0.009217229671776295,0.009629783220589161,0.010042336769402027,0.010454889386892319,0.010867442935705185,0.011279996484518051,0.011692549102008343,0.012105102650821209,0.012517656199634075,0.012930208817124367,0.013342762365937233,0.0137553159147501,0.014167869463562965,0.014580422081053257,0.014992975629866123,0.01540552917867899,0.01581808179616928,0.016230635344982147],"_type":"histogram","values":[1,0,0,0,0,0,0,0,0,0,0,0,0,0,0,0,0,0,1,1,0,1,0,1,0,1,0,1,0,0,1,0,0,0,0,0,0,0,0,0,0,0,0,0,0,0,0,0,0,1,0,0,0,0,0,0,0,0,0,0,0,0,0,1]},"_runtime":58,"val/loss":0.2558101450509213,"train/loss":0.201833260734876,