{"epoch":24,"val/accuracy":0.79666668176651,"parameters/fc1.bias":{"values":[1,0,0,0,0,0,0,0,0,0,0,0,0,0,0,0,0,0,0,0,0,0,0,0,0,0,0,0,0,0,0,0,0,0,0,1,0,0,0,0,0,0,0,0,0,0,0,0,0,0,0,0,0,0,0,0,0,0,0,0,0,0,0,1],"bins":[-0.08048434555530548,-0.07731841504573822,-0.07415248453617096,-0.0709865540266037,-0.06782062351703644,-0.06465469300746918,-0.061488762497901917,-0.058322831988334656,-0.055156901478767395,-0.051990970969200134,-0.048825040459632874,-0.04565910995006561,-0.04249317944049835,-0.03932724893093109,-0.03616131842136383,-0.03299538791179657,-0.02982945740222931,-0.02666352689266205,-0.023497596383094788,-0.020331665873527527,-0.017165735363960266,-0.013999804854393005,-0.010833874344825745,-0.007667943835258484,-0.004502013325691223,-0.0013360828161239624,0.0018298476934432983,0.004995778203010559,0.00816170871257782,0.01132763922214508,0.014493569731712341,0.017659500241279602,0.020825430750846863,0.023991361260414124,0.027157291769981384,0.030323222279548645,0.033489152789115906,0.036655083298683167,0.03982101380825043,0.04298694431781769,0.04615287482738495,0.04931880533695221,0.05248473584651947,0.05565066635608673,0.05881659686565399,0.06198252737522125,0.06514845788478851,0.06831438839435577,0.07148031890392303,0.0746462494134903,0.07781217992305756,0.08097811043262482,0.08414404094219208,0.08730997145175934,0.0904759019613266,0.09364183247089386,0.09680776298046112,0.09997369349002838,0.10313962399959564,0.1063055545091629,0.10947148501873016,0.11263741552829742,0.11580334603786469,0.11896927654743195,0.1221352070569992],"_type":"histogram"},"gradients/fc1.weight":{"values":[2,2,0,3,2,2,4,2,0,1,4,2,1,5,4,17,6,7,14,24,23,18,34,29,42,51,89,429,381,59,73,85,357,97,77,51,31,47,26,30,42,28,22,17,15,14,15,12,6,6,5,5,3,3,10,8,3,2,1,1,1,0,1,1],"bins":[-0.08092394471168518,-0.07828091084957123,-0.07563787698745728,-0.07299483567476273,-0.07035180181264877,-0.06770876795053482,-0.06506573408842087,-0.06242269650101662,-0.059779662638902664,-0.05713662877678871,-0.05449359118938446,-0.05185055732727051,-0.049207523465156555,-0.046564485877752304,-0.04392145201563835,-0.0412784144282341,-0.03863538056612015,-0.035992346704006195,-0.033349309116601944,-0.03070627525448799,-0.02806323952972889,-0.025420203804969788,-0.022777169942855835,-0.020134134218096733,-0.01749109849333763,-0.01484806276857853,-0.012205027975142002,-0.009561993181705475,-0.006918957456946373,-0.004275922197848558,-0.0016328869387507439,0.0010101483203470707,0.0036531761288642883,0.006296211387962103,0.008939246647059917,0.011582281440496445,0.014225317165255547,0.01686835289001465,0.0195113867521286,0.022154422476887703,0.024797458201646805,0.027440493926405907,0.03008352965116501,0.03272656351327896,0.035369597375392914,0.038012634962797165,0.04065566882491112,0.04329870641231537,0.04594174027442932,0.048584774136543274,0.051227811723947525,0.05387084558606148,0.05651388317346573,0.05915691703557968,0.061799950897693634,0.06444298475980759,0.06708602607250214,0.06972905993461609,0.07237209379673004,0.075015127658844,0.07765816152095795,0.0803011953830719,0.08294423669576645,0.0855872705578804,0.08823030441999435],"_type":"histogram"},"train/loss":0.6701340529123943,"val/loss":0.7244088770227229,"gradients/fc2.weight":{"_type":"histogram","values":[1,0,0,0,0,0,0,0,0,0,1,0,0,0,0,1,0,0,0,0,0,0,0,0,0,0,0,0,0,0,0,1,0,0,1,1,2,3,2,0,5,5,1,0,0,0,0,0,0,0,0,0,1,0,1,0,1,0,0,2,0,0,0,1],"bins":[-0.5426058173179626,-0.5289164781570435,-0.515227198600769,-0.5015378594398499,-0.48784852027893066,-0.4741591811180115,-0.4604698717594147,-0.44678056240081787,-0.4330912232398987,-0.4194018840789795,-0.4057125747203827,-0.3920232653617859,-0.3783339262008667,-0.3646445870399475,-0.3509552776813507,-0.3372659683227539,-0.3235766291618347,-0.3098872900009155,-0.2961979806423187,-0.2825086712837219,-0.26881933212280273,-0.25512999296188354,-0.24144068360328674,-0.22775135934352875,-0.21406203508377075,-0.20037271082401276,-0.18668338656425476,-0.17299406230449677,-0.15930473804473877,-0.14561541378498077,-0.13192608952522278,-0.11823676526546478,-0.10454744100570679,-0.09085811674594879,-0.0771687924861908,-0.0634794682264328,-0.049790143966674805,-0.03610081970691681,-0.022411495447158813,-0.008722171187400818,0.004967153072357178,0.018656477332115173,0.03234580159187317,0.046035125851631165,0.05972445011138916,0.07341377437114716,0.08710309863090515,0.10079242289066315,0.11448174715042114,0.12817107141017914,0.14186039566993713,0.15554971992969513,0.16923904418945312,0.18292836844921112,0.19661769270896912,0.2103070169687271,0.2239963412284851,0.2376856654882431,0.2513749897480011,0.2650642991065979,0.2787536382675171,0.2924429774284363,0.3061322867870331,0.3198215961456299,0.3335109353065491]},"gradients/fc2.bias":{"_type":"histogram","values":[1,0,0,0,0,0,0,0,0,0,0,0,2,0,0,0,0,0,0,0,0,0,0,0,0,1,0,0,0,1,0,0,0,0,0,0,0,0,0,0,1,0,0,0,1,0,1,0,0,0,0,0,0,0,0,0,0,0,0,0,0,1,0,1],"bins":[-0.024207111448049545,-0.02349001355469227,-0.02277291566133499,-0.022055817767977715,-0.021338719874620438,-0.02062162198126316,-0.019904524087905884,-0.019187426194548607,-0.01847032830119133,-0.017753230407834053,-0.017036132514476776,-0.0163190346211195,-0.015601935796439648,-0.01488483790308237,-0.014167740009725094,-0.013450642116367817,-0.01273354422301054,-0.012016446329653263,-0.011299348436295986,-0.01058225054293871,-0.009865152649581432,-0.009148054756224155,-0.008430956862866879,-0.007713858503848314,-0.006996760610491037,-0.0062796627171337605,-0.0055625648237764835,-0.004845466930419207,-0.004128368571400642,-0.003411270910874009,-0.0026941727846860886,-0.0019770748913288116,-0.0012599769979715347,-0.0005428790464065969,0.00017421890515834093,0.0008913168567232788,0.0016084148082882166,0.0023255127016454935,0.003042610827833414,0.003759708721190691,0.004476806614547968,0.005193904507905245,0.005911002401262522,0.006628100294619799,0.007345198653638363,0.00806229654699564,0.008779394440352917,0.009496492333710194,0.01021359022706747,0.010930688120424747,0.011647786013782024,0.012364883907139301,0.013081981800496578,0.013799079693853855,0.014516177587211132,0.015233275480568409,0.01595037430524826,0.016667472198605537,0.017384570091962814,0.01810166798532009,0.018818765878677368,0.019535863772034645,0.020252961665391922,0.0209700595587492,0.021687157452106476]},"_step":47,"_runtime":95,"parameters/fc1.weight":{"_type":"histogram","values":[1,0,1,0,0,0,1,3,1,1,1,3,5,3,5,4,7,6,9,8,21,13,25,24,57,124,157,117,204,209,194,176,234,198,130,86,65,56,46,35,19,18,18,10,10,10,8,6,2,3,1,2,0,6,3,2,3,0,0,0,0,0,0,1],"bins":[-0.87717604637146,-0.8492001891136169,-0.8212243318557739,-0.7932484745979309,-0.7652726173400879,-0.7372967600822449,-0.7093208432197571,-0.6813449859619141,-0.653369128704071,-0.625393271446228,-0.597417414188385,-0.569441556930542,-0.541465699672699,-0.513489842414856,-0.48551395535469055,-0.45753809809684753,-0.4295622408390045,-0.4015863835811615,-0.3736105263233185,-0.3456346392631531,-0.31765878200531006,-0.28968292474746704,-0.261707067489624,-0.2337311953306198,-0.2057553380727768,-0.17777948081493378,-0.14980360865592957,-0.12182775139808655,-0.09385188668966293,-0.06587602198123932,-0.037900160998106,-0.009924298152327538,0.018051564693450928,0.04602742940187454,0.07400329411029816,0.10197915136814117,0.12995502352714539,0.1579308807849884,0.18590673804283142,0.21388261020183563,0.24185846745967865,0.26983433961868286,0.2978101968765259,0.3257860541343689,0.3537619113922119,0.38173776865005493,0.40971365571022034,0.43768951296806335,0.46566537022590637,0.4936412274837494,0.5216171145439148,0.5495929718017578,0.5775688290596008,0.6055446863174438,0.6335205435752869,0.6614964008331299,0.6894722580909729,0.7174481153488159,0.7454239726066589,0.7733998894691467,0.8013757467269897,0.8293516039848328,0.8573274612426758,0.8853033185005188,0.9132791757583618]},"_timestamp":1.755705716289442e+09,