{"gradients/fc2.bias":{"_type":"histogram","values":[1,0,0,0,0,0,0,0,0,0,0,0,0,0,0,0,0,0,0,0,1,0,0,0,1,0,0,0,0,0,0,0,0,1,0,1,0,0,1,0,0,2,0,0,0,0,0,1,0,0,0,0,0,0,0,0,0,0,0,0,0,0,0,1],"bins":[-0.03744747117161751,-0.036371611058712006,-0.0352957546710968,-0.0342198945581913,-0.0331440344452858,-0.03206817805767059,-0.03099231794476509,-0.02991645783185959,-0.028840599581599236,-0.027764741331338882,-0.02668888121843338,-0.025613022968173027,-0.024537164717912674,-0.02346130460500717,-0.02238544635474682,-0.021309586241841316,-0.020233727991580963,-0.01915786974132061,-0.018082009628415108,-0.017006151378154755,-0.015930291265249252,-0.0148544330149889,-0.013778574764728546,-0.012702715583145618,-0.01162685640156269,-0.010550997219979763,-0.009475138038396835,-0.008399279788136482,-0.0073234206065535545,-0.006247561424970627,-0.0051717027090489864,-0.004095843993127346,-0.00301998108625412,-0.0019441221375018358,-0.0008682631887495518,0.00020759576000273228,0.0012834547087550163,0.0023593136575073004,0.0034351726062595844,0.004511031322181225,0.0055868905037641525,0.00666274968534708,0.007738608401268721,0.008814467117190361,0.009890326298773289,0.010966185480356216,0.01204204373061657,0.013117902912199497,0.014193762093782425,0.015269621275365353,0.01634548045694828,0.017421338707208633,0.018497198820114136,0.01957305707037449,0.020648915320634842,0.021724775433540344,0.022800633683800697,0.02387649193406105,0.024952352046966553,0.026028210297226906,0.02710406854748726,0.02817992866039276,0.029255786910653114,0.030331647023558617,0.03140750527381897]},"gradients/fc2.weight":{"bins":[-0.40994152426719666,-0.3986263871192932,-0.38731124997138977,-0.37599611282348633,-0.3646809756755829,-0.35336583852767944,-0.342050701379776,-0.33073556423187256,-0.3194204270839691,-0.3081052899360657,-0.29679015278816223,-0.2854750156402588,-0.27415987849235535,-0.2628447413444519,-0.25152960419654846,-0.24021446704864502,-0.22889932990074158,-0.21758419275283813,-0.2062690556049347,-0.19495391845703125,-0.1836387813091278,-0.17232364416122437,-0.16100850701332092,-0.14969336986541748,-0.13837823271751404,-0.1270630955696106,-0.11574795842170715,-0.10443282127380371,-0.09311768412590027,-0.08180254697799683,-0.07048740983009338,-0.05917227268218994,-0.04785716533660889,-0.036542028188705444,-0.025226891040802002,-0.01391175389289856,-0.002596616744995117,0.008718520402908325,0.020033657550811768,0.03134879469871521,0.04266393184661865,0.053979068994522095,0.06529420614242554,0.07660934329032898,0.08792448043823242,0.09923961758613586,0.1105547547340393,0.12186989188194275,0.1331850290298462,0.14450016617774963,0.15581530332565308,0.16713044047355652,0.17844557762145996,0.1897607147693634,0.20107585191726685,0.2123909890651703,0.22370612621307373,0.23502126336097717,0.24633640050888062,0.25765153765678406,0.2689666748046875,0.28028181195259094,0.2915969491004944,0.3029120862483978,0.31422722339630127],"_type":"histogram","values":[1,0,0,0,0,0,0,0,0,0,0,1,0,0,0,0,0,0,0,1,0,0,0,1,0,0,1,1,1,0,0,1,0,0,1,0,11,0,1,0,2,0,0,1,0,1,1,1,0,0,0,0,0,0,0,0,0,1,0,0,0,1,0,1]},"gradients/fc1.weight":{"values":[3,0,2,1,0,4,2,0,1,6,3,4,8,5,4,7,12,8,15,12,13,15,18,23,13,37,31,40,350,36,52,36,817,36,35,43,363,47,34,37,11,21,21,14,14,7,11,3,5,6,10,8,5,6,2,12,4,4,4,2,2,5,0,2],"bins":[-0.1218472570180893,-0.11812136322259903,-0.11439546942710876,-0.1106695756316185,-0.10694368183612823,-0.10321778804063797,-0.0994918942451477,-0.09576600044965744,-0.09204010665416718,-0.08831421285867691,-0.08458831906318665,-0.08086242526769638,-0.07713653147220612,-0.07341063767671585,-0.06968474388122559,-0.06595885008573532,-0.06223295256495476,-0.05850705876946449,-0.05478116497397423,-0.05105527117848396,-0.0473293773829937,-0.04360348358750343,-0.03987758979201317,-0.0361516959965229,-0.03242579847574234,-0.028699906542897224,-0.02497401274740696,-0.021248118951916695,-0.01752222329378128,-0.01379633042961359,-0.01007043570280075,-0.006344541907310486,-0.002618648111820221,0.0011072459165006876,0.004833139944821596,0.008559034205973148,0.012284928001463413,0.016010822728276253,0.019736716523766518,0.023462610319256783,0.027188504114747047,0.030914397910237312,0.034640293568372726,0.03836618736386299,0.042092081159353256,0.04581797495484352,0.049543868750333786,0.05326976254582405,0.056995656341314316,0.06072155013680458,0.06444744765758514,0.06817334145307541,0.07189923524856567,0.07562512904405594,0.0793510228395462,0.08307691663503647,0.08680281043052673,0.090528704226017,0.09425459802150726,0.09798049181699753,0.10170638561248779,0.10543227940797806,0.10915817320346832,0.11288406699895859,0.11660996079444885],"_type":"histogram"},"parameters/fc2.bias":{"values":[1,0,0,1,1,0,0,0,0,0,1,0,0,0,0,0,0,1,0,0,0,1,0,0,0,0,0,0,0,0,0,0,0,0,0,0,0,1,0,0,0,0,0,0,0,0,0,0,1,0,0,1,0,0,0,0,0,0,0,0,0,0,0,1],"bins":[-3.4892852306365967,-3.3643343448638916,-3.2393834590911865,-3.1144325733184814,-2.9894819259643555,-2.8645310401916504,-2.7395801544189453,-2.6146292686462402,-2.489678382873535,-2.36472749710083,-2.239776611328125,-2.11482572555542,-1.9898749589920044,-1.8649240732192993,-1.7399733066558838,-1.6150224208831787,-1.4900715351104736,-1.3651206493377686,-1.2401697635650635,-1.115218997001648,-0.9902681112289429,-0.8653172254562378,-0.7403663992881775,-0.6154155731201172,-0.4904646873474121,-0.3655138313770294,-0.24056297540664673,-0.11561211943626404,0.009338736534118652,0.13428959250450134,0.25924044847488403,0.3841913044452667,0.5091423988342285,0.6340932846069336,0.7590441107749939,0.8839949369430542,1.0089458227157593,1.1338967084884644,1.2588474750518799,1.383798360824585,1.50874924659729,1.6337001323699951,1.7586510181427002,1.8836017847061157,2.0085525512695312,2.1335034370422363,2.2584543228149414,2.3834052085876465,2.5083560943603516,2.6333069801330566,2.7582578659057617,2.883208751678467,3.008159637451172,3.133110284805298,3.258061170578003,3.383012056350708,3.507962942123413,3.632913827896118,3.7578647136688232,3.8828155994415283,4.007766246795654,4.132717132568359,4.2576680183410645,4.3826189041137695,4.507569789886475],"_type":"histogram"},"epoch":30,"parameters/fc2.weight":{"values":[1,0,1,0,0,0,0,0,1,0,0,0,0,1,2,1,0,0,0,0,0,0,0,0,1,0,0,2,0,0,3,0,1,0,2,0,1,0,0,1,2,2,0,0,0,2,1,0,0,1,1,0,0,0,0,1,0,0,0,0,0,0,1,1],"bins":[-0.9351205229759216,-0.9062662720680237,-0.8774120211601257,-0.8485578298568726,-0.8197035789489746,-0.7908493280410767,-0.7619950771331787,-0.7331408262252808,-0.7042865753173828,-0.6754323840141296,-0.6465781331062317,-0.6177238821983337,-0.5888696312904358,-0.5600153803825378,-0.5311611890792847,-0.5023069381713867,-0.47345268726348877,-0.4445984363555908,-0.41574421525001526,-0.3868899643421173,-0.35803574323654175,-0.3291814923286438,-0.30032724142074585,-0.2714730203151703,-0.24261876940727234,-0.21376453340053558,-0.18491029739379883,-0.15605604648590088,-0.12720181047916412,-0.09834757447242737,-0.06949333101511002,-0.04063909128308296,-0.011784791946411133,0.01706944778561592,0.045923687517642975,0.07477793097496033,0.10363216698169708,0.13248640298843384,0.1613406538963318,0.19019488990306854,0.2190491259098053,0.24790336191654205,0.2767575979232788,0.30561184883117676,0.3344660997390747,0.36332032084465027,0.3921745717525482,0.4210287928581238,0.44988304376602173,0.4787372946739197,0.5075915455818176,0.5364457368850708,0.5652999877929688,0.5941542387008667,0.6230084896087646,0.6518627405166626,0.6807169914245605,0.7095711827278137,0.7384254336357117,0.7672796845436096,0.7961339354515076,0.8249881863594055,0.8538423776626587,0.8826966285705566,0.9115508794784546],"_type":"histogram"},