{"val/accuracy":0.6899999976158142,"val/loss":0.9795509399251735,"gradients/fc2.weight":{"_type":"histogram","values":[1,0,0,0,0,0,0,0,0,0,1,0,0,0,0,0,1,0,0,0,0,0,0,0,0,0,0,0,1,0,0,1,0,1,0,0,1,1,1,10,0,2,0,1,0,2,1,0,0,0,0,0,0,1,1,1,0,0,0,0,1,0,0,1],"bins":[-0.2971969246864319,-0.2896283268928528,-0.2820597290992737,-0.2744911313056946,-0.26692256331443787,-0.25935396552085876,-0.25178536772727966,-0.24421676993370056,-0.23664817214012146,-0.22907958924770355,-0.22151099145412445,-0.21394239366054535,-0.20637379586696625,-0.19880521297454834,-0.19123661518096924,-0.18366801738739014,-0.17609941959381104,-0.16853083670139313,-0.16096223890781403,-0.15339364111423492,-0.14582505822181702,-0.13825646042823792,-0.1306878626346588,-0.12311927229166031,-0.1155506819486618,-0.1079820841550827,-0.1004134938120842,-0.0928448960185051,-0.08527630567550659,-0.07770770788192749,-0.07013911753892899,-0.06257051974534988,-0.05500192940235138,-0.047433335334062576,-0.03986474126577377,-0.03229614719748497,-0.024727554991841316,-0.017158960923552513,-0.009590367786586285,-0.002021774183958769,0.005546819418668747,0.01311541348695755,0.020684007555246353,0.028252599760890007,0.03582119196653366,0.043389786034822464,0.05095838010311127,0.05852697417140007,0.06609556823968887,0.07366415858268738,0.08123275637626648,0.08880134671926498,0.09636994451284409,0.10393853485584259,0.11150713264942169,0.1190757229924202,0.1266443133354187,0.1342129111289978,0.1417815089225769,0.1493500918149948,0.1569186896085739,0.16448728740215302,0.17205588519573212,0.17962446808815002,0.18719306588172913]},"epoch":30,"_step":59,"train/loss":0.9347922197977702,"_runtime":109,"gradients/fc2.bias":{"_type":"histogram","values":[1,0,0,0,0,0,0,0,0,0,0,0,0,0,0,0,0,0,1,0,0,0,0,0,0,0,0,0,0,0,0,0,0,0,0,0,0,0,1,1,0,0,0,0,0,1,0,0,1,0,0,0,1,1,0,0,0,0,0,0,0,0,1,1],"bins":[-0.03470548987388611,-0.03388630598783493,-0.03306712582707405,-0.03224794194102287,-0.031428758054971695,-0.030609576031565666,-0.029790392145514488,-0.02897121012210846,-0.02815202623605728,-0.027332844212651253,-0.026513662189245224,-0.025694478303194046,-0.024875296279788017,-0.02405611239373684,-0.02323693037033081,-0.022417746484279633,-0.021598564460873604,-0.020779382437467575,-0.019960198551416397,-0.01914101652801037,-0.01832183264195919,-0.01750265061855316,-0.016683466732501984,-0.015864284709095955,-0.015045101754367352,-0.014225918799638748,-0.013406735844910145,-0.012587552890181541,-0.011768370866775513,-0.01094918791204691,-0.010130004957318306,-0.009310822002589703,-0.008491640910506248,-0.007672457955777645,-0.006853275001049042,-0.006034092511981726,-0.005214909557253122,-0.004395726602524519,-0.0035765438806265593,-0.0027573611587285995,-0.0019381782039999962,-0.0011189953656867146,-0.0002998125273734331,0.0005193703109398484,0.00133855314925313,0.0021577361039817333,0.002976918825879693,0.0037961015477776527,0.004615284502506256,0.0054344674572348595,0.006253650411963463,0.007072832901030779,0.00789201632142067,0.008711198344826698,0.009530381299555302,0.010349564254283905,0.011168747209012508,0.011987930163741112,0.012807113118469715,0.013626296073198318,0.014445478096604347,0.01526466105133295,0.016083844006061554,0.016903027892112732,0.01772220991551876]},"_timestamp":1.755856993451534e+09,"parameters/fc1.weight":{"_type":"histogram","values":[2,3,2,2,2,3,4,4,6,13,4,11,16,16,44,93,101,92,106,137,187,372,426,269,80,75,60,48,41,29,22,14,4,7,3,3,4,3,1,5,3,6,4,3,3,0,0,2,7,2,0,1,0,1,0,3,0,0,0,2,0,0,0,1],"bins":[-0.61963951587677,-0.5917317271232605,-0.5638239979743958,-0.5359162092208862,-0.5080084204673767,-0.4801006615161896,-0.45219287276268005,-0.4242851138114929,-0.3963773250579834,-0.36846956610679626,-0.34056180715560913,-0.3126540184020996,-0.2847462594509125,-0.25683847069740295,-0.22893071174621582,-0.2010229378938675,-0.17311516404151917,-0.14520739018917084,-0.11729961633682251,-0.08939184993505478,-0.06148407608270645,-0.033576302230358124,-0.005668532103300095,0.022239239886403084,0.05014701187610626,0.07805478572845459,0.10596255958080292,0.13387033343315125,0.16177809238433838,0.1896858662366867,0.21759364008903503,0.24550141394138336,0.2734091877937317,0.3013169467449188,0.32922473549842834,0.3571324944496155,0.385040283203125,0.41294804215431213,0.44085583090782166,0.4687635898590088,0.4966713786125183,0.5245791077613831,0.5524868965148926,0.5803946852684021,0.6083024740219116,0.6362102031707764,0.6641179919242859,0.6920257806777954,0.7199335098266602,0.7478412985801697,0.7757490873336792,0.8036568760871887,0.8315646052360535,0.859472393989563,0.8873801827430725,0.915287971496582,0.9431957006454468,0.9711034893989563,0.9990112781524658,1.0269190073013306,1.0548268556594849,1.0827345848083496,1.1106423139572144,1.1385501623153687,1.1664578914642334]},"parameters/fc1.bias":{"bins":[-0.017574280500411987,-0.01448059268295765,-0.011386904865503311,-0.008293217979371548,-0.00519953016191721,-0.002105842577293515,0.0009878450073301792,0.00408153235912323,0.007175220176577568,0.010268907994031906,0.013362595811486244,0.016456283628940582,0.01954996958374977,0.02264365740120411,0.025737345218658447,0.028831033036112785,0.03192472085356712,0.03501840680837631,0.0381120964884758,0.04120578244328499,0.044299472123384476,0.047393158078193665,0.05048684775829315,0.05358053371310234,0.05667421966791153,0.05976790934801102,0.0628615990281105,0.0659552812576294,0.06904897093772888,0.07214266061782837,0.07523635029792786,0.07833003252744675,0.08142372220754623,0.08451741188764572,0.08761109411716461,0.0907047837972641,0.09379847347736359,0.09689216315746307,0.09998584538698196,0.10307953506708145,0.10617322474718094,0.10926690697669983,0.11236059665679932,0.1154542863368988,0.11854797601699829,0.12164165824651718,0.12473534792661667,0.12782903015613556,0.13092271983623505,0.13401640951633453,0.13711009919643402,0.1402037888765335,0.143297478556633,0.14639116823673248,0.14948484301567078,0.15257853269577026,0.15567222237586975,0.15876591205596924,0.16185960173606873,0.1649532914161682,0.1680469810962677,0.171140655875206,0.17423434555530548,0.17732803523540497,0.18042172491550446],"_type":"histogram","values":[1,0,0,0,0,0,0,0,0,0,0,0,0,0,0,0,0,0,0,0,0,0,0,0,0,0,0,0,1,0,0,0,0,0,0,0,0,0,0,0,0,0,0,0,0,0,0,0,0,0,0,0,0,0,0,0,0,0,0,0,0,0,0,1]},"gradients/fc1.weight":{"values":[2,1,2,2,2,3,3,10,4,4,5,14,15,18,17,16,32,33,44,367,67,365,845,41,35,36,31,32,27,31,31,22,24,19,21,13,14,18,10,7,12,11,13,4,4,7,2,3,3,3,2,1,0,1,0,0,0,1,0,1,0,0,0,1],"bins":[-0.05742461979389191,-0.05485880374908447,-0.05229299142956734,-0.0497271753847599,-0.04716136306524277,-0.04459554702043533,-0.0420297309756279,-0.039463918656110764,-0.03689810261130333,-0.034332286566495895,-0.03176647424697876,-0.029200658202171326,-0.02663484402000904,-0.024069029837846756,-0.021503213793039322,-0.018937399610877037,-0.016371585428714752,-0.013805771246552467,-0.011239956133067608,-0.008674141019582748,-0.0061083268374204636,-0.0035425121895968914,-0.0009766975417733192,0.001589117106050253,0.004154931753873825,0.006720746401697397,0.00928656104952097,0.011852376163005829,0.014418190345168114,0.0169840045273304,0.019549820572137833,0.022115634754300117,0.024681448936462402,0.027247263118624687,0.029813077300786972,0.032378893345594406,0.03494470566511154,0.037510521709918976,0.04007633775472641,0.042642150074243546,0.04520796611905098,0.047773782163858414,0.05033959448337555,0.05290541052818298,0.05547122657299042,0.05803703889250755,0.06060285493731499,0.06316866725683212,0.06573448330163956,0.06830029934644699,0.07086611539125443,0.07343192398548126,0.0759977400302887,0.07856355607509613,0.08112937211990356,0.083695188164711,0.08626100420951843,0.08882681280374527,0.0913926288485527,0.09395844489336014,0.09652426093816757,0.099090076982975,0.10165588557720184,0.10422170162200928,0.10678751766681671],"_type":"histogram"},