{"_step":25,"val/loss":0.10040074344129955,"_runtime":51,"gradients/graph_2fc1.bias":{"values":[1,0,0,0,0,0,0,0,1,0,0,0,0,1,0,0,0,0,3,2,2,2,3,2,3,0,3,3,2,2,4,1,1,2,1,3,4,2,3,2,1,0,2,1,2,1,0,0,0,0,0,2,0,0,0,0,0,1,0,0,0,0,0,1],"bins":[-0.002676743781194091,-0.0025925925001502037,-0.002508440986275673,-0.0024242897052317858,-0.002340138191357255,-0.002255986910313368,-0.002171835396438837,-0.00208768411539495,-0.0020035328343510628,-0.001919381320476532,-0.001835229923017323,-0.001751078525558114,-0.001666927244514227,-0.001582775847055018,-0.001498624449595809,-0.0014144730521366,-0.001330321654677391,-0.001246170257218182,-0.0011620188597589731,-0.0010778674622997642,-0.0009937160648405552,-0.0009095647255890071,-0.0008254133863374591,-0.0007412619888782501,-0.0006571105914190412,-0.0005729591939598322,-0.0004888077965006232,-0.0004046564572490752,-0.0003205050597898662,-0.00023635367688257247,-0.00015220229397527874,-6.8050911067985e-05,1.610047183930874e-05,0.00010025185474660248,0.0001844032376538962,0.0002685546060092747,0.0003527060034684837,0.00043685740092769265,0.0005210087401792407,0.0006051601376384497,0.0006893115350976586,0.0007734629325568676,0.0008576143300160766,0.0009417656692676246,0.0010259170085191727,0.0011100684059783816,0.0011942198034375906,0.0012783712008967996,0.0013625225983560085,0.0014466739958152175,0.0015308253932744265,0.0016149767907336354,0.0016991281881928444,0.0017832794692367315,0.0018674308666959405,0.0019515822641551495,0.0020357337780296803,0.0021198850590735674,0.0022040363401174545,0.0022881878539919853,0.0023723391350358725,0.0024564906489104033,0.0025406419299542904,0.002624793443828821,0.0027089447248727083],"_type":"histogram"},"gradients/graph_2fc1.weight":{"bins":[-0.0068074436858296394,-0.006573657970875502,-0.006339872255921364,-0.006106086075305939,-0.005872300360351801,-0.005638514645397663,-0.005404728930443525,-0.0051709432154893875,-0.004937157034873962,-0.004703371319919825,-0.004469585604965687,-0.004235799890011549,-0.004002014175057411,-0.0037682282272726297,-0.003534442512318492,-0.0033006565645337105,-0.0030668708495795727,-0.002833085134625435,-0.0025992991868406534,-0.0023655134718865156,-0.002131727524101734,-0.0018979418091475964,-0.0016641560941934586,-0.001430370262823999,-0.0011965844314545393,-0.0009627986000850797,-0.000729012826923281,-0.0004952270537614822,-0.0002614412223920226,-2.7655420126393437e-05,0.00020613038213923573,0.0004399161844048649,0.0006737019866704941,0.0009074878180399537,0.0011412736494094133,0.0013750593643635511,0.0016088451957330108,0.0018426310271024704,0.002076416742056608,0.0023102026898413897,0.0025439884047955275,0.0027777741197496653,0.0030115600675344467,0.0032453457824885845,0.0034791314974427223,0.0037129174452275038,0.003946703393012285,0.004180489107966423,0.004414274822920561,0.004648060537874699,0.0048818462528288364,0.0051156324334442616,0.005349418148398399,0.005583203863352537,0.005816989578306675,0.006050775293260813,0.0062845610082149506,0.006518347188830376,0.0067521329037845135,0.006985918618738651,0.007219704333692789,0.007453490048646927,0.007687276229262352,0.007921061478555202,0.008154847659170628],"_type":"histogram","values":[3,3,5,6,1,2,10,4,10,17,17,12,35,30,90,116,86,121,165,206,333,293,360,388,1020,1249,1928,6677,10024,10650,8358,3713,1339,1049,324,198,188,208,222,199,108,64,36,44,16,15,23,38,26,29,20,10,6,6,5,3,1,2,2,3,14,15,23,8]},"val/accuracy":0.9721666574478149,"parameters/graph_2fc2.bias":{"_type":"histogram","values":[1,1,0,1,0,0,0,0,0,0,0,0,0,0,0,0,0,0,0,1,0,0,0,0,0,0,0,0,0,0,0,0,0,0,0,0,1,0,0,0,0,0,0,0,0,0,0,2,0,0,0,0,0,0,0,0,0,0,0,0,1,0,0,2],"bins":[-0.12989099323749542,-0.1265326291322708,-0.1231742650270462,-0.1198159009218216,-0.11645753681659698,-0.11309917271137238,-0.10974080860614777,-0.10638244450092316,-0.10302408039569855,-0.09966571629047394,-0.09630735218524933,-0.09294898808002472,-0.08959062397480011,-0.0862322598695755,-0.08287389576435089,-0.07951553165912628,-0.07615716755390167,-0.07279881089925766,-0.06944044679403305,-0.06608208268880844,-0.06272371858358383,-0.059365350753068924,-0.056006986647844315,-0.052648622542619705,-0.049290262162685394,-0.045931898057460785,-0.042573533952236176,-0.039215169847011566,-0.03585680574178696,-0.03249844163656235,-0.029140077531337738,-0.02578171342611313,-0.02242334932088852,-0.01906498521566391,-0.0157066211104393,-0.012348257936537266,-0.008989893831312656,-0.005631529726088047,-0.002273166086524725,0.0010851977858692408,0.0044435616582632065,0.007801925763487816,0.011160289868712425,0.01451865304261446,0.017877016216516495,0.021235380321741104,0.024593744426965714,0.027952108532190323,0.03131047263741493,0.03466883674263954,0.03802720084786415,0.04138556495308876,0.04474392905831337,0.04810229316353798,0.05146065726876259,0.0548190213739872,0.05817738175392151,0.06153574585914612,0.06489410996437073,0.06825247406959534,0.07161083817481995,0.07496920228004456,0.07832756638526917,0.08168593049049377,0.08504429459571838]},"_wandb":{"runtime":51},"epoch":13,"parameters/graph_2fc2.weight":{"values":[1,1,2,1,3,1,2,3,2,3,1,6,3,3,5,6,12,6,11,13,7,7,13,11,12,8,9,14,13,15,14,15,12,15,13,15,16,17,20,31,22,23,22,18,32,26,24,28,11,7,14,9,10,8,9,2,2,3,3,1,1,0,0,3],"bins":[-0.645118236541748,-0.6280457377433777,-0.6109732389450073,-0.593900740146637,-0.5768281817436218,-0.5597556829452515,-0.5426831841468811,-0.5256106853485107,-0.5085381865501404,-0.49146565794944763,-0.47439315915107727,-0.4573206603527069,-0.44024813175201416,-0.4231756329536438,-0.40610313415527344,-0.3890306055545807,-0.3719581067562103,-0.35488560795783997,-0.3378130793571472,-0.32074058055877686,-0.3036680817604065,-0.28659555315971375,-0.2695230543613434,-0.252450555562973,-0.23537804186344147,-0.2183055281639099,-0.20123302936553955,-0.184160515666008,-0.16708800196647644,-0.15001550316810608,-0.13294298946857452,-0.11587048321962357,-0.098798006772995,-0.08172550052404404,-0.06465299427509308,-0.04758048057556152,-0.030507974326610565,-0.013435466215014458,0.0036370418965816498,0.020709550008177757,0.037782058119773865,0.05485456436872482,0.07192707061767578,0.08899958431720734,0.1060720905661583,0.12314459681510925,0.1402171105146408,0.15728960931301117,0.17436212301254272,0.19143463671207428,0.20850713551044464,0.2255796492099762,0.24265214800834656,0.2597246766090393,0.27679717540740967,0.29386967420578003,0.3109421730041504,0.32801470160484314,0.3450872004032135,0.36215969920158386,0.3792322278022766,0.396304726600647,0.41337722539901733,0.4304497539997101,0.44752225279808044],"_type":"histogram"},"train/loss":0.029122841805840533,