{"parameters/graph_3fc1.weight":{"values":[2,2,1,1,0,8,0,4,2,3,4,6,8,6,12,11,21,14,25,33,50,54,61,75,124,129,145,194,272,341,418,470,523,677,784,996,1034,1000,969,843,593,507,388,320,273,214,183,153,153,96,93,61,46,34,27,25,13,17,9,5,2,4,3,3],"bins":[-0.5909374952316284,-0.5749965906143188,-0.5590556859970093,-0.5431147217750549,-0.5271738171577454,-0.5112329125404358,-0.4952920079231262,-0.47935107350349426,-0.4634101688861847,-0.4474692642688751,-0.43152832984924316,-0.4155874252319336,-0.399646520614624,-0.38370558619499207,-0.3677646815776825,-0.35182374715805054,-0.33588284254074097,-0.3199419379234314,-0.30400100350379944,-0.28806009888648987,-0.2721191644668579,-0.25617825984954834,-0.24023735523223877,-0.224296435713768,-0.20835551619529724,-0.19241459667682648,-0.1764736771583557,-0.16053277254104614,-0.14459185302257538,-0.12865093350410461,-0.11271002143621445,-0.09676910936832428,-0.08082824945449829,-0.06488732993602753,-0.04894641786813736,-0.033005502074956894,-0.017064586281776428,-0.0011236704885959625,0.014817245304584503,0.03075816109776497,0.046699076890945435,0.0626399964094162,0.07858090847730637,0.09452182054519653,0.1104627400636673,0.12640365958213806,0.14234456419944763,0.1582854837179184,0.17422640323638916,0.19016732275485992,0.2061082422733307,0.22204914689064026,0.23799006640911102,0.2539309859275818,0.26987189054489136,0.2858128249645233,0.3017537295818329,0.31769463419914246,0.3336355686187744,0.349576473236084,0.36551737785339355,0.3814583122730255,0.3973992168903351,0.41334015130996704,0.4292810559272766],"_type":"histogram"},"_wandb":{"runtime":63},"parameters/graph_3fc1.bias":{"bins":[-0.07679964601993561,-0.074122853577137,-0.07144605368375778,-0.06876926124095917,-0.06609246134757996,-0.06341566890478134,-0.06073886901140213,-0.05806207284331322,-0.055385276675224304,-0.05270848423242569,-0.05003168806433678,-0.047354891896247864,-0.04467809572815895,-0.04200129956007004,-0.039324503391981125,-0.03664770722389221,-0.0339709110558033,-0.031294114887714386,-0.028617318719625473,-0.02594052255153656,-0.023263726383447647,-0.020586932078003883,-0.01791013590991497,-0.015233339741826057,-0.012556543573737144,-0.009879747405648232,-0.007202951703220606,-0.00452615600079298,-0.0018493598327040672,0.0008274361025542021,0.0035042320378124714,0.006181027740240097,0.00885782390832901,0.011534620076417923,0.014211416244506836,0.01688821241259575,0.019565008580684662,0.022241802886128426,0.02491859905421734,0.02759539522230625,0.030272191390395164,0.03294898569583893,0.03562578186392784,0.038302578032016754,0.04097937420010567,0.04365617036819458,0.04633296653628349,0.049009762704372406,0.05168655887246132,0.05436335504055023,0.057040151208639145,0.05971694737672806,0.06239374354481697,0.06507053971290588,0.0677473321557045,0.07042413204908371,0.07310092449188232,0.07577772438526154,0.07845451682806015,0.08113131672143936,0.08380810916423798,0.08648490905761719,0.0891617015004158,0.09183850139379501,0.09451529383659363],"_type":"histogram","values":[1,0,0,0,0,0,1,0,0,0,0,0,0,0,0,0,0,0,1,0,0,0,0,0,1,0,0,0,0,1,0,1,1,0,0,1,1,2,1,0,0,0,0,0,1,0,0,1,0,0,0,0,0,0,0,0,0,0,0,0,0,1,0,1]},"val/loss":0.19176725852996745,"_step":33,"gradients/graph_3fc2.bias":{"_type":"histogram","values":[1,0,1,0,0,0,0,0,1,0,0,1,0,0,0,0,0,0,0,0,0,0,0,1,0,0,0,0,0,0,1,0,0,0,0,0,0,0,0,0,0,0,0,0,1,0,0,0,0,0,0,1,0,0,1,0,0,0,0,0,0,0,0,1],"bins":[-0.007429079152643681,-0.007173608057200909,-0.0069181364960968494,-0.0066626654006540775,-0.006407193839550018,-0.006151722744107246,-0.0058962516486644745,-0.005640780087560415,-0.005385308992117643,-0.0051298378966748714,-0.004874366335570812,-0.00461889524012804,-0.004363424144685268,-0.004107952583581209,-0.0038524814881384373,-0.0035970101598650217,-0.003341538831591606,-0.0030860675033181906,-0.002830596175044775,-0.002575125079602003,-0.0023196537513285875,-0.002064182423055172,-0.0018087112111970782,-0.0015532399993389845,-0.001297768671065569,-0.0010422973427921534,-0.0007868261309340596,-0.000531354860868305,-0.0002758835908025503,-2.0412320736795664e-05,0.000235058949328959,0.0004905302193947136,0.0007460024207830429,0.0010014737490564585,0.0012569449609145522,0.001512416172772646,0.0017678875010460615,0.002023358829319477,0.002278829924762249,0.0025343012530356646,0.00278977258130908,0.0030452439095824957,0.0033007152378559113,0.003556186333298683,0.0038116576615720987,0.004067128989845514,0.004322600085288286,0.004578071646392345,0.004833542741835117,0.005089013837277889,0.0053444853983819485,0.00559995649382472,0.00585542805492878,0.0061108991503715515,0.006366370245814323,0.006621841806918383,0.0068773129023611546,0.0071327839978039265,0.007388255558907986,0.007643726654350758,0.00789919774979353,0.008154668845236301,0.008410140872001648,0.00866561196744442,0.008921083062887192]},"_timestamp":1.755706426233394e+09,"gradients/graph_3fc1.weight":{"_type":"histogram","values":[2,3,1,5,9,14,13,9,12,9,14,19,20,23,19,27,54,55,59,79,69,88,96,115,141,217,666,665,262,1544,959,1020,2354,1541,367,656,205,153,118,117,99,125,94,78,90,52,43,32,27,23,16,15,7,9,8,5,3,4,5,1,5,1,2,1],"bins":[-0.025619611144065857,-0.024804072454571724,-0.02398853376507759,-0.023172996938228607,-0.022357458248734474,-0.02154191955924034,-0.020726382732391357,-0.019910844042897224,-0.01909530535340309,-0.01827976666390896,-0.017464227974414825,-0.01664869114756584,-0.01583315245807171,-0.015017613768577576,-0.014202076010406017,-0.013386538252234459,-0.012570999562740326,-0.011755460873246193,-0.010939923115074635,-0.010124385356903076,-0.009308846667408943,-0.00849330797791481,-0.007677770219743252,-0.006862231995910406,-0.00604669377207756,-0.005231155548244715,-0.004415617324411869,-0.0036000791005790234,-0.0027845408767461777,-0.001969002652913332,-0.0011534644290804863,-0.0003379262052476406,0.0004776138812303543,0.0012931521050632,0.0021086903288960457,0.0029242285527288914,0.003739766776561737,0.004555305000394583,0.0053708432242274284,0.006186381448060274,0.00700191967189312,0.007817458361387253,0.008632996119558811,0.00944853387773037,0.010264072567224503,0.011079611256718636,0.011895149014890194,0.012710686773061752,0.013526225462555885,0.014341764152050018,0.015157301910221577,0.015972839668393135,0.016788378357887268,0.0176039170473814,0.018419455736875534,0.019234992563724518,0.02005053125321865,0.020866069942712784,0.021681606769561768,0.0224971454590559,0.023312684148550034,0.024128222838044167,0.0249437615275383,0.025759298354387283,0.026574837043881416]},"gradients/graph_3fc2.weight":{"_type":"histogram","values":[2,1,0,0,1,3,0,0,0,1,2,1,1,1,0,1,3,1,1,0,2,1,0,2,3,1,2,3,6,5,5,5,11,20,14,11,8,6,3,2,4,2,3,3,1,2,1,0,1,0,0,1,1,1,1,0,3,1,0,1,1,0,2,2],