{"val/loss":2.3677634431960737,"parameters/graph_2fc1.weight":{"_type":"histogram","values":[180,190,192,184,195,205,190,212,189,190,219,191,204,184,213,225,217,192,182,177,201,216,192,192,208,194,217,187,200,179,196,228,198,178,197,185,181,181,182,201,194,203,184,205,198,192,204,187,175,223,182,197,206,213,199,189,188,192,205,204,188,189,188,195],"bins":[-0.035703349858522415,-0.03458747640252113,-0.03347160294651985,-0.03235572949051857,-0.031239856034517288,-0.030123982578516006,-0.029008109122514725,-0.027892235666513443,-0.02677636221051216,-0.02566048875451088,-0.024544615298509598,-0.023428741842508316,-0.022312868386507034,-0.021196994930505753,-0.02008112147450447,-0.01896524801850319,-0.017849374562501907,-0.016733501106500626,-0.015617627650499344,-0.014501754194498062,-0.01338588073849678,-0.012270007282495499,-0.011154133826494217,-0.010038260370492935,-0.008922386914491653,-0.007806513458490372,-0.00669064000248909,-0.005574766546487808,-0.0044588930904865265,-0.0033430196344852448,-0.002227146178483963,-0.0011112727224826813,4.600733518600464e-06,0.0011204741895198822,0.002236347645521164,0.0033522211015224457,0.004468094557523727,0.005583968013525009,0.006699841469526291,0.007815714925527573,0.008931588381528854,0.010047461837530136,0.011163335293531418,0.0122792087495327,0.013395082205533981,0.014510955661535263,0.015626829117536545,0.016742702573537827,0.01785857602953911,0.01897444948554039,0.020090322941541672,0.021206196397542953,0.022322069853544235,0.023437943309545517,0.0245538167655468,0.02566969022154808,0.026785563677549362,0.027901437133550644,0.029017310589551926,0.030133184045553207,0.03124905750155449,0.03236493095755577,0.03348080441355705,0.034596677869558334,0.035712551325559616]},"val/accuracy":0.07258333265781403,"gradients/graph_2fc2.bias":{"_type":"histogram","values":[1,0,0,0,0,0,0,0,1,0,0,0,0,0,0,0,0,0,1,0,0,0,0,0,0,1,0,0,0,0,0,0,0,1,2,1,0,0,0,0,0,0,0,0,1,0,0,0,0,0,0,0,0,0,0,0,0,0,0,0,0,0,0,1],"bins":[-0.041034724563360214,-0.03966031223535538,-0.03828589990735054,-0.0369114875793457,-0.035537075251340866,-0.03416266292333603,-0.03278825059533119,-0.031413838267326355,-0.030039425939321518,-0.02866501547396183,-0.027290603145956993,-0.025916190817952156,-0.02454177848994732,-0.023167366161942482,-0.021792953833937645,-0.020418541505932808,-0.01904412917792797,-0.017669716849923134,-0.016295304521918297,-0.01492089219391346,-0.013546479865908623,-0.01217206846922636,-0.010797656141221523,-0.009423243813216686,-0.00804883148521185,-0.006674419157207012,-0.005300006829202175,-0.003925594966858625,-0.0025511826388537884,-0.0011767704272642732,0.00019764178432524204,0.0015720539959147573,0.0029464662075042725,0.0043208785355091095,0.0056952908635139465,0.007069702725857496,0.00844411551952362,0.009818526916205883,0.01119293924421072,0.012567351572215557,0.013941763900220394,0.015316176228225231,0.016690587624907494,0.01806499995291233,0.019439412280917168,0.020813824608922005,0.022188236936926842,0.02356264926493168,0.024937061592936516,0.026311473920941353,0.02768588624894619,0.029060298576951027,0.030434710904955864,0.03180912137031555,0.03318353369832039,0.034557946026325226,0.03593235835433006,0.0373067706823349,0.03868118301033974,0.040055595338344574,0.04143000766634941,0.04280441999435425,0.044178832322359085,0.04555324465036392,0.04692765697836876]},"gradients/graph_2fc2.weight":{"values":[1,0,0,0,1,0,0,0,0,0,0,0,0,0,0,0,0,0,0,1,1,1,0,0,3,0,2,1,2,1,0,0,3,2,1,2,1,3,6,3,4,3,6,3,5,11,6,10,13,7,10,4,7,5,6,2,4,4,2,2,5,3,2,1],"bins":[-0.07401274889707565,-0.07240281999111176,-0.07079289108514786,-0.06918296217918396,-0.06757303327322006,-0.06596310436725616,-0.06435317546129227,-0.06274324655532837,-0.06113332137465477,-0.05952339246869087,-0.057913463562726974,-0.05630353465676308,-0.05469360947608948,-0.05308368057012558,-0.05147375166416168,-0.049863822758197784,-0.04825389385223389,-0.04664396494626999,-0.04503403604030609,-0.043424107134342194,-0.041814178228378296,-0.0402042530477047,-0.0385943241417408,-0.0369843952357769,-0.035374466329813004,-0.033764537423849106,-0.03215460851788521,-0.03054468147456646,-0.028934752568602562,-0.027324823662638664,-0.025714896619319916,-0.024104967713356018,-0.02249504253268242,-0.02088511362671852,-0.019275184720754623,-0.017665257677435875,-0.016055328771471977,-0.01444539986550808,-0.012835471890866756,-0.011225543916225433,-0.009615615010261536,-0.008005686104297638,-0.006395758129656315,-0.0047858296893537045,-0.003175901249051094,-0.0015659728087484837,4.395563155412674e-05,0.0016538840718567371,0.0032638125121593475,0.004873740952461958,0.006483669392764568,0.008093597367405891,0.009703526273369789,0.011313455179333687,0.01292338315397501,0.014533311128616333,0.01614324003458023,0.01775316894054413,0.019363097846508026,0.020973024889826775,0.022582953795790672,0.02419288270175457,0.02580280974507332,0.027412738651037216,0.029022667557001114],"_type":"histogram"},"parameters/graph_2fc2.bias":{"_type":"histogram","values":[3,0,0,0,1,0,0,0,0,0,0,0,0,0,0,0,0,0,0,0,0,0,0,0,1,0,1,0,0,0,0,0,0,0,0,0,0,0,0,0,0,0,0,0,1,0,0,0,0,1,0,0,0,0,0,0,0,0,0,1,0,0,0,1],"bins":[-0.24276769161224365,-0.2351265847682953,-0.22748547792434692,-0.21984437108039856,-0.2122032642364502,-0.20456215739250183,-0.19692105054855347,-0.1892799437046051,-0.18163883686065674,-0.17399771511554718,-0.16635660827159882,-0.15871550142765045,-0.1510743945837021,-0.14343328773975372,-0.13579218089580536,-0.128151074051857,-0.12050996720790863,-0.11286886036396027,-0.1052277535200119,-0.09758664667606354,-0.08994553983211517,-0.08230442553758621,-0.07466331869363785,-0.06702221184968948,-0.05938110500574112,-0.051739998161792755,-0.04409889131784439,-0.03645778074860573,-0.028816673904657364,-0.021175567060709,-0.013534458354115486,-0.005893350578844547,0.0017477571964263916,0.00938886497169733,0.01702997274696827,0.024671081453561783,0.03231218829751015,0.03995329514145851,0.047594405710697174,0.05523551255464554,0.0628766193985939,0.07051772624254227,0.07815883308649063,0.085799939930439,0.09344105422496796,0.10108216106891632,0.10872326791286469,0.11636437475681305,0.12400548160076141,0.13164658844470978,0.13928769528865814,0.1469288021326065,0.15456990897655487,0.16221101582050323,0.1698521226644516,0.17749322950839996,0.18513435125350952,0.19277545809745789,0.20041656494140625,0.20805767178535461,0.21569877862930298,0.22333988547325134,0.2309809923171997,0.23862209916114807,0.24626320600509644]},"epoch":4,"_runtime":14,"parameters/graph_2fc2.weight":{"bins":[-0.24649527668952942,-0.23875656723976135,-0.2310178577899933,-0.22327913343906403,-0.21554042398929596,-0.2078017145395279,-0.20006300508975983,-0.19232428073883057,-0.1845855712890625,-0.17684686183929443,-0.16910815238952637,-0.1613694429397583,-0.15363071858882904,-0.14589200913906097,-0.1381532996892929,-0.13041459023952484,-0.12267587333917618,-0.11493716388940811,-0.10719844698905945,-0.09945973753929138,-0.09172102063894272,-0.08398231118917465,-0.07624359428882599,-0.06850488483905792,-0.06076617166399956,-0.05302745848894119,-0.04528874531388283,-0.03755003213882446,-0.029811320826411247,-0.022072607651352882,-0.014333895407617092,-0.006595182698220015,0.001143530011177063,0.008882243186235428,0.016620956361293793,0.02435966767370701,0.03209838271141052,0.03983709216117859,0.047575805336236954,0.05531451851129532,0.06305323541164398,0.07079194486141205,0.07853065431118011,0.08626937121152878,0.09400808066129684,0.10174679756164551,0.10948550701141357,0.11722422391176224,0.1249629333615303,0.13270165026187897,0.14044035971164703,0.1481790691614151,0.15591777861118317,0.16365650296211243,0.1713952124118805,0.17913392186164856,0.18687263131141663,0.1946113407611847,0.20235006511211395,0.21008877456188202,0.21782748401165009,0.22556619346141815,0.2333049178123474,0.24104362726211548,0.24878233671188354],"_type":"histogram",