{"gradients/fc1.weight":{"_type":"histogram","values":[2,2,3,2,6,7,2,3,4,8,4,9,9,8,8,15,13,15,13,26,20,23,21,21,35,36,40,388,66,49,72,418,97,56,61,85,379,59,50,28,27,22,26,21,15,9,11,11,5,3,4,9,4,2,4,3,1,4,0,4,0,3,0,1],"bins":[-0.08367133885622025,-0.08102826774120331,-0.07838518917560577,-0.07574211806058884,-0.0730990469455719,-0.07045596837997437,-0.06781289726495743,-0.0651698186993599,-0.06252674758434296,-0.05988367274403572,-0.057240597903728485,-0.05459752678871155,-0.05195445194840431,-0.049311377108097076,-0.04666830599308014,-0.0440252311527729,-0.04138215631246567,-0.03873908147215843,-0.036096006631851196,-0.03345293551683426,-0.030809860676527023,-0.028166785836219788,-0.0255237128585577,-0.022880639880895615,-0.02023756504058838,-0.017594490200281143,-0.014951417222619057,-0.012308343313634396,-0.009665269404649734,-0.007022195495665073,-0.004379121586680412,-0.0017360476776957512,0.0009070336818695068,0.003550107590854168,0.006193181499838829,0.00883625540882349,0.011479329317808151,0.014122403226792812,0.016765477135777473,0.01940855011343956,0.022051624953746796,0.02469469979405403,0.027337772771716118,0.029980845749378204,0.03262392058968544,0.035266995429992676,0.03791006654500961,0.04055314138531685,0.043196216225624084,0.04583929106593132,0.048482365906238556,0.05112543702125549,0.05376851186156273,0.056411586701869965,0.0590546578168869,0.06169773265719414,0.06434080749750137,0.06698387861251831,0.06962695717811584,0.07227002829313278,0.07491309940814972,0.07755617797374725,0.08019924908876419,0.08284232765436172,0.08548539876937866]},"parameters/fc1.weight":{"_type":"histogram","values":[1,0,0,1,0,0,1,1,0,0,0,1,1,0,0,1,0,0,1,0,1,0,1,1,0,2,1,3,2,6,6,4,9,9,6,18,30,27,59,97,130,229,310,295,199,235,173,140,104,61,44,33,26,25,19,10,6,2,7,5,3,1,4,1],"bins":[-1.4806439876556396,-1.44744873046875,-1.4142534732818604,-1.3810582160949707,-1.347862958908081,-1.3146675825119019,-1.2814723253250122,-1.2482770681381226,-1.215081810951233,-1.1818865537643433,-1.1486912965774536,-1.115496039390564,-1.0823006629943848,-1.0491054058074951,-1.0159101486206055,-0.9827148914337158,-0.9495196342468262,-0.9163243770599365,-0.8831291198730469,-0.8499338030815125,-0.8167385458946228,-0.7835432887077332,-0.7503479719161987,-0.7171527147293091,-0.6839574575424194,-0.6507622003555298,-0.6175669431686401,-0.5843716263771057,-0.5511763691902161,-0.5179811120033264,-0.4847858250141144,-0.45159053802490234,-0.41839516162872314,-0.3851999044418335,-0.35200461745262146,-0.3188093304634094,-0.2856140732765198,-0.2524188160896301,-0.2192235291004181,-0.18602825701236725,-0.1528329849243164,-0.11963771283626556,-0.08644244074821472,-0.05324716866016388,-0.020051896572113037,0.013143375515937805,0.04633864760398865,0.07953391969203949,0.11272919178009033,0.14592446386814117,0.17911973595619202,0.21231500804424286,0.2455102801322937,0.27870553731918335,0.3119008243083954,0.3450961112976074,0.37829136848449707,0.4114866256713867,0.44468191266059875,0.4778771996498108,0.5110724568367004,0.5442677140235901,0.5774630308151245,0.6106582880020142,0.6438535451889038]},"gradients/fc1.bias":{"_type":"histogram","values":[1,0,0,0,0,0,0,0,0,0,0,0,0,0,0,0,0,0,0,0,0,0,0,0,0,0,0,0,0,0,0,0,0,1,0,0,0,0,0,0,0,0,0,0,0,0,0,0,0,0,0,0,0,0,0,0,0,0,0,0,0,0,0,1],"bins":[-0.029910210520029068,-0.029044127091765404,-0.02817804366350174,-0.027311960235238075,-0.02644587680697441,-0.025579793378710747,-0.024713709950447083,-0.02384762652218342,-0.022981543093919754,-0.02211545780301094,-0.021249374374747276,-0.020383290946483612,-0.019517207518219948,-0.018651124089956284,-0.01778504066169262,-0.016918957233428955,-0.01605287380516529,-0.015186790376901627,-0.014320706948637962,-0.013454623520374298,-0.012588540092110634,-0.011722455732524395,-0.01085637230426073,-0.009990288875997066,-0.009124205447733402,-0.008258122019469738,-0.007392038591206074,-0.006525954697281122,-0.005659871269017458,-0.004793787840753794,-0.003927703946828842,-0.003061620518565178,-0.0021955352276563644,-0.0013294516829773784,-0.0004633681382983923,0.0004027154063805938,0.0012687989510595798,0.002134882379323244,0.003000966040417552,0.00386704970151186,0.004733133129775524,0.005599216558039188,0.006465299986302853,0.007331383880227804,0.008197467774152756,0.00906355120241642,0.009929634630680084,0.010795718058943748,0.011661801487207413,0.012527884915471077,0.013393968343734741,0.014260051771998405,0.01512613520026207,0.015992218628525734,0.016858302056789398,0.017724385485053062,0.018590468913316727,0.01945655420422554,0.020322637632489204,0.02118872106075287,0.022054804489016533,0.022920887917280197,0.02378697134554386,0.024653054773807526,0.02551913820207119]},"gradients/fc2.weight":{"values":[1,0,0,2,0,0,0,0,0,0,0,0,1,1,2,0,0,0,0,0,2,0,0,0,0,0,1,0,1,0,2,0,0,0,0,1,2,2,1,3,0,0,1,0,0,1,0,1,0,0,0,1,0,0,0,1,0,0,1,0,0,0,1,1],"bins":[-0.36031749844551086,-0.3493783473968506,-0.3384391963481903,-0.32750004529953003,-0.31656086444854736,-0.3056217133998871,-0.2946825623512268,-0.28374341130256653,-0.27280426025390625,-0.26186510920524597,-0.2509259581565857,-0.23998679220676422,-0.22904764115810394,-0.21810849010944366,-0.2071693241596222,-0.19623017311096191,-0.18529102206230164,-0.17435187101364136,-0.16341271996498108,-0.1524735540151596,-0.14153440296649933,-0.13059525191783905,-0.11965609341859818,-0.1087169349193573,-0.09777778387069702,-0.08683863282203674,-0.07589947432279587,-0.06496031582355499,-0.054021164774894714,-0.04308201000094414,-0.03214285522699356,-0.021203700453042984,-0.010264545679092407,0.0006746090948581696,0.011613763868808746,0.022552918642759323,0.0334920734167099,0.04443122819066048,0.05537038296461105,0.06630954146385193,0.07724869251251221,0.08818784356117249,0.09912700206041336,0.11006616055965424,0.12100531160831451,0.1319444626569748,0.14288362860679626,0.15382277965545654,0.16476193070411682,0.1757010817527771,0.18664023280143738,0.19757939875125885,0.20851854979991913,0.2194577008485794,0.23039686679840088,0.24133601784706116,0.25227516889572144,0.2632143199443817,0.274153470993042,0.28509262204170227,0.29603177309036255,0.3069709539413452,0.3179101049900055,0.32884925603866577,0.33978840708732605],"_type":"histogram"},"val/loss":0.6568619906902313,"_timestamp":1.755705153946472e+09,"val/accuracy":0.8112499713897705,"train/loss":0.6168982468446096,"_runtime":125,"gradients/fc2.bias":{"values":[1,0,0,0,0,0,0,0,0,0,0,1,0,0,0,0,1,0,0,0,0,0,0,0,0,0,0,1,0,0,0,1,0,0,0,0,0,0,0,0,0,0,1,0,0,1,0,0,0,0,0,0,0,1,0,0,0,0,0,0,1,0,0,1],"bins":[-0.03064405359327793,-0.029777558520436287,-0.028911063447594643,-0.028044568374753,-0.027178071439266205,-0.02631157636642456,-0.025445081293582916,-0.024578586220741272,-0.023712091147899628,-0.022845596075057983,-0.02197909913957119,-0.021112604066729546,-0.0202461089938879,-0.019379613921046257,-0.018513118848204613,-0.01764662377536297,-0.016780126839876175,-0.01591363176703453,-0.015047136694192886,-0.014180641621351242,-0.013314146548509598,-0.012447650544345379,-0.011581155471503735,-0.01071466039866209,-0.009848164394497871,-0.008981669321656227,-0.008115174248814583,-0.007248678710311651,-0.00638218317180872,-0.005515688098967075,-0.004649192560464144,-0.003782697254791856,-0.002916201949119568,-0.00204970664344728,-0.0011832112213596702,-0.0003167158574797213,0.0005497795064002275,0.0014162748120725155,0.002282770350575447,0.003149265656247735,0.004015760961920023,0.0048822565004229546,0.005748751573264599,0.0066152471117675304,0.007481742650270462,0.008348237723112106,0.00921473279595375,0.01008122880011797,0.010947723872959614,0.011814218945801258,0.012680714949965477,0.013547210022807121,0.014413705095648766,0.015280201099812984,0.016146695241332054,0.017013192176818848,0.017879687249660492,0.018746182322502136,0.01961267739534378,0.020479172468185425,0.02134566754102707,0.022212164476513863,0.023078659549355507,0.02394515462219715,0.024811649695038795],"_type":"histogram"},