{"_runtime":48,"parameters/graph_1fc1.bias":{"values":[1,0,1,0,0,0,0,0,0,0,0,0,0,0,0,0,1,0,0,0,0,0,0,0,0,0,1,1,0,0,0,0,0,1,0,0,0,0,0,0,0,0,0,0,1,0,0,0,0,0,1,0,1,0,0,0,0,0,0,0,0,0,0,1],"bins":[-0.03163837268948555,-0.029803678393363953,-0.027968982234597206,-0.02613428793847561,-0.024299591779708862,-0.022464897483587265,-0.020630203187465668,-0.01879550702869892,-0.016960812732577324,-0.015126117505133152,-0.01329142227768898,-0.011456727981567383,-0.009622032754123211,-0.007787337526679039,-0.005952642764896154,-0.00411794800311327,-0.002283252775669098,-0.00044855778105556965,0.0013861372135579586,0.003220832208171487,0.005055527202785015,0.006890222430229187,0.008724916726350784,0.010559611953794956,0.012394307181239128,0.0142290024086833,0.016063697636127472,0.01789839193224907,0.019733086228370667,0.021567782387137413,0.02340247668325901,0.025237172842025757,0.027071863412857056,0.028906557708978653,0.0307412538677454,0.032575950026512146,0.03441064432263374,0.03624533861875534,0.03808003291487694,0.039914727210998535,0.04174942523241043,0.04358411952853203,0.045418813824653625,0.04725350812077522,0.04908820241689682,0.05092289671301842,0.05275759473443031,0.05459228903055191,0.05642698332667351,0.058261677622795105,0.0600963719189167,0.0619310699403286,0.0637657642364502,0.0656004548072815,0.06743515282869339,0.06926985085010529,0.07110454142093658,0.07293923944234848,0.07477393001317978,0.07660862803459167,0.07844332605600357,0.08027801662683487,0.08211271464824677,0.08394740521907806,0.08578210324048996],"_type":"histogram"},"gradients/graph_1fc1.bias":{"values":[1,0,0,1,0,0,0,0,0,0,0,0,0,0,1,0,0,0,0,0,0,0,0,0,1,0,0,0,0,0,0,1,0,0,0,0,0,0,1,0,0,0,1,0,1,0,0,0,0,0,0,0,0,0,0,0,0,0,0,0,0,0,0,2],"bins":[-0.008485076949000359,-0.008251876570284367,-0.0080186752602458,-0.007785474415868521,-0.0075522735714912415,-0.0073190731927752495,-0.00708587234839797,-0.006852671504020691,-0.006619470659643412,-0.006386269815266132,-0.006153068970888853,-0.005919868126511574,-0.005686667747795582,-0.0054534669034183025,-0.005220266059041023,-0.004987065214663744,-0.004753864370286465,-0.004520663525909185,-0.004287462681531906,-0.004054261837154627,-0.0038210612256079912,-0.003587860381230712,-0.0033546597696840763,-0.003121458925306797,-0.0028882580809295177,-0.0026550572365522385,-0.002421856392174959,-0.0021886557806283236,-0.0019554549362510443,-0.001722254091873765,-0.0014890533639118075,-0.00125585263594985,-0.0010226517915725708,-0.0007894510054029524,-0.0005562502192333341,-0.0003230494330637157,-8.984864689409733e-05,0.00014335213927552104,0.0003765529254451394,0.0006097537116147578,0.0008429544977843761,0.0010761553421616554,0.0013093560701236129,0.0015425567980855703,0.0017757576424628496,0.002008958486840129,0.0022421590983867645,0.002475359942764044,0.002708560787141323,0.0029417616315186024,0.0031749624758958817,0.0034081630874425173,0.0036413639318197966,0.003874564776197076,0.0041077653877437115,0.004340966232120991,0.00457416707649827,0.004807367920875549,0.005040568765252829,0.005273769609630108,0.0055069699883461,0.005740170832723379,0.005973371677100658,0.006206572521477938,0.006439773365855217],"_type":"histogram"},"parameters/graph_1fc2.weight":{"bins":[-0.8851655721664429,-0.8629202246665955,-0.840674877166748,-0.8184295296669006,-0.7961841821670532,-0.7739388346672058,-0.7516934871673584,-0.729448139667511,-0.7072027921676636,-0.6849575042724609,-0.6627121567726135,-0.6404668092727661,-0.6182214617729187,-0.5959761142730713,-0.5737307667732239,-0.5514854192733765,-0.529240071773529,-0.5069947242736816,-0.48474937677383423,-0.4625040292739868,-0.4402586817741394,-0.4180133640766144,-0.39576801657676697,-0.37352266907691956,-0.35127732157707214,-0.32903197407722473,-0.3067866265773773,-0.2845412790775299,-0.2622959613800049,-0.24005059897899628,-0.21780526638031006,-0.19555991888046265,-0.17331463098526,-0.1510692834854126,-0.12882393598556519,-0.10657860338687897,-0.08433325588703156,-0.06208791211247444,-0.03984256833791733,-0.017597224563360214,0.004648119211196899,0.026893462985754013,0.04913880676031113,0.07138414680957794,0.09362949430942535,0.11587484180927277,0.13812017440795898,0.1603655219078064,0.1826108694076538,0.20485621690750122,0.22710156440734863,0.24934689700603485,0.27159225940704346,0.2938375771045685,0.3160829246044159,0.3383282721042633,0.3605736196041107,0.38281896710395813,0.40506431460380554,0.42730966210365295,0.449554979801178,0.4718003273010254,0.4940456748008728,0.5162910223007202,0.5385363698005676],"_type":"histogram","values":[1,0,0,0,0,0,1,0,0,0,0,0,2,0,0,1,2,2,1,1,0,1,4,2,3,1,2,2,3,2,1,3,3,3,1,0,3,4,2,3,2,2,3,2,0,5,4,2,2,5,2,4,1,2,3,1,0,2,1,0,0,1,0,2]},"_wandb":{"runtime":48},"gradients/graph_1fc2.bias":{"_type":"histogram","values":[1,0,1,0,0,0,0,0,0,0,0,0,0,0,0,0,0,0,0,0,0,1,0,0,0,0,1,0,0,0,0,0,1,0,0,1,0,0,0,0,0,0,0,0,0,0,0,0,0,0,1,0,0,0,1,1,0,0,0,0,0,0,0,1],"bins":[-0.009265108965337276,-0.008993585593998432,-0.008722061291337013,-0.008450537919998169,-0.008179014548659325,-0.007907490245997906,-0.007635966874659061,-0.007364443503320217,-0.0070929196663200855,-0.006821395829319954,-0.00654987245798111,-0.006278348620980978,-0.006006824783980846,-0.005735301412642002,-0.0054637775756418705,-0.005192254204303026,-0.004920730367302895,-0.004649206530302763,-0.004377683158963919,-0.004106159321963787,-0.003834635717794299,-0.003563112113624811,-0.0032915882766246796,-0.0030200646724551916,-0.0027485410682857037,-0.0024770174641162157,-0.0022054938599467278,-0.0019339700229465961,-0.0016624464187771082,-0.0013909228146076202,-0.0011193990940228105,-0.0008478754316456616,-0.0005763527005910873,-0.0003048290382139385,-3.330537583678961e-05,0.00023821828654035926,0.0005097419489175081,0.000781265611294657,0.0010527892736718059,0.0013243129942566156,0.0015958365984261036,0.0018673602025955915,0.0021388838067650795,0.002410407643765211,0.002681931247934699,0.002953454852104187,0.0032249786891043186,0.0034965022932738066,0.0037680258974432945,0.004039549734443426,0.00431107310578227,0.004582596942782402,0.004854120314121246,0.005125644151121378,0.0053971679881215096,0.005668691359460354,0.0059402151964604855,0.006211739033460617,0.006483262404799461,0.006754786241799593,0.007026310078799725,0.007297833450138569,0.0075693572871387005,0.007840881124138832,0.008112404495477676]},"parameters/graph_1fc2.bias":{"bins":[-0.4041689336299896,-0.39322394132614136,-0.3822789788246155,-0.3713339865207672,-0.36038902401924133,-0.34944403171539307,-0.3384990692138672,-0.3275540769100189,-0.31660911440849304,-0.3056641221046448,-0.2947191596031189,-0.28377416729927063,-0.27282920479774475,-0.2618842124938965,-0.2509392499923706,-0.23999425768852234,-0.22904928028583527,-0.2181043028831482,-0.20715932548046112,-0.19621434807777405,-0.18526937067508698,-0.1743243932723999,-0.16337941586971283,-0.15243443846702576,-0.1414894461631775,-0.13054446876049042,-0.11959949880838394,-0.10865452140569687,-0.0977095365524292,-0.08676455914974213,-0.07581958174705505,-0.06487460434436798,-0.05392962694168091,-0.042984649538993835,-0.03203967213630676,-0.02109469100832939,-0.010149713605642319,0.0007952647283673286,0.011740243062376976,0.022685222327709198,0.03363019973039627,0.044575177133083344,0.055520154535770416,0.06646513193845749,0.07741011679172516,0.08835509419441223,0.0993000715970993,0.11024504899978638,0.12119002640247345,0.13213500380516052,0.1430799812078476,0.15402495861053467,0.16496993601322174,0.1759149134159088,0.1868598908185959,0.19780486822128296,0.20874986052513123,0.2196948379278183,0.23063981533050537,0.24158479273319244,0.2525297701358795,0.2634747326374054,0.27441972494125366,0.28536468744277954,0.2963096797466278],"_type":"histogram","values":[2,0,0,0,0,0,0,0,0,0,0,0,0,0,0,0,0,0,0,1,0,0,0,0,0,0,0,1,0,1,0,0,0,0,0,0,0,0,0,0,0,1,0,0,0,0,0,0,0,0,0,0,0,1,0,0,0,2,0,0,0,0,0,1]},