{"gradients/fc2.weight":{"values":[1,0,0,0,0,0,0,0,0,0,0,0,0,0,0,0,0,0,0,0,2,1,0,0,0,0,1,0,0,2,2,0,1,0,2,0,3,2,3,2,2,1,0,0,1,0,0,0,0,1,2,0,0,0,0,0,0,0,0,0,0,0,0,1],"bins":[-0.26055648922920227,-0.2532731592655182,-0.2459898293018341,-0.23870648443698883,-0.23142315447330475,-0.22413982450962067,-0.21685649454593658,-0.2095731645822525,-0.20228981971740723,-0.19500648975372314,-0.18772315979003906,-0.18043982982635498,-0.1731564998626709,-0.16587316989898682,-0.15858982503414154,-0.15130649507045746,-0.14402316510677338,-0.1367398351430893,-0.1294565051794052,-0.12217316776514053,-0.11488983035087585,-0.10760650038719177,-0.10032317042350769,-0.09303983300924301,-0.08575650304555893,-0.07847317308187485,-0.07118983566761017,-0.06390650570392609,-0.056623172014951706,-0.049339838325977325,-0.04205650836229324,-0.03477317467331886,-0.027489840984344482,-0.020206507295370102,-0.01292317546904087,-0.005639842711389065,0.001643490046262741,0.008926822803914547,0.016210155561566353,0.023493487387895584,0.030776821076869965,0.038060154765844345,0.045343488454818726,0.05262681841850281,0.05991015210747719,0.06719348579645157,0.07447681576013565,0.08176015317440033,0.08904348313808441,0.0963268131017685,0.10361015051603317,0.11089348047971725,0.11817681789398193,0.12546014785766602,0.1327434778213501,0.14002680778503418,0.14731013774871826,0.15459348261356354,0.16187681257724762,0.1691601425409317,0.17644347250461578,0.18372680246829987,0.19101014733314514,0.19829347729682922,0.2055768072605133],"_type":"histogram"},"parameters/fc1.weight":{"_type":"histogram","values":[1,0,0,1,0,1,0,0,0,0,0,0,2,0,2,4,5,5,3,4,8,11,10,26,40,89,176,244,239,281,217,163,179,174,115,96,71,40,31,19,18,5,6,10,7,12,9,4,4,3,5,4,0,0,2,1,0,1,1,1,1,0,0,1],"bins":[-1.0537211894989014,-1.0199416875839233,-0.9861621856689453,-0.9523826837539673,-0.9186031818389893,-0.884823739528656,-0.851044237613678,-0.8172647356987,-0.7834852337837219,-0.7497057318687439,-0.7159262299537659,-0.6821467280387878,-0.6483672857284546,-0.6145877838134766,-0.5808082818984985,-0.5470287799835205,-0.5132492780685425,-0.47946977615356445,-0.4456902742385864,-0.4119108021259308,-0.37813130021095276,-0.34435179829597473,-0.3105723261833191,-0.27679282426834106,-0.24301332235336304,-0.209233820438385,-0.17545433342456818,-0.14167484641075134,-0.10789534449577332,-0.07411585003137589,-0.040336355566978455,-0.006556861102581024,0.027222752571105957,0.06100224703550339,0.09478174149990082,0.12856122851371765,0.16234073042869568,0.1961202323436737,0.22989971935749054,0.2636792063713074,0.2974587082862854,0.3312382102012634,0.36501771211624146,0.3987971842288971,0.4325766861438751,0.46635618805885315,0.5001356601715088,0.5339151620864868,0.5676946640014648,0.6014741659164429,0.6352536678314209,0.6690331697463989,0.702812671661377,0.7365921139717102,0.7703716158866882,0.8041511178016663,0.8379306197166443,0.8717101216316223,0.9054896235466003,0.9392691254615784,0.9730485677719116,1.0068280696868896,1.0406075716018677,1.0743870735168457,1.1081665754318237]},"_wandb":{"runtime":110},"gradients/fc2.bias":{"bins":[-0.023775886744260788,-0.023223785683512688,-0.022671684622764587,-0.022119585424661636,-0.021567484363913536,-0.021015383303165436,-0.020463282242417336,-0.019911181181669235,-0.019359081983566284,-0.018806980922818184,-0.018254879862070084,-0.017702778801321983,-0.017150677740573883,-0.016598576679825783,-0.01604647748172283,-0.015494376420974731,-0.014942275360226631,-0.014390174299478531,-0.013838074170053005,-0.013285973109304905,-0.01273387297987938,-0.012181771919131279,-0.011629670858383179,-0.011077570728957653,-0.010525469668209553,-0.009973368607461452,-0.009421268478035927,-0.008869167417287827,-0.008317066356539726,-0.007764966227114201,-0.0072128651663661,-0.006660764571279287,-0.006108664907515049,-0.005556564312428236,-0.005004463717341423,-0.004452362656593323,-0.0039002620615065098,-0.003348161466419697,-0.00279606063850224,-0.0022439598105847836,-0.0016918592154979706,-0.0011397585039958358,-0.000587657792493701,-3.555708099156618e-05,0.0005165436305105686,0.0010686443420127034,0.0016207450535148382,0.002172845881432295,0.002724946476519108,0.003277047071605921,0.0038291478995233774,0.004381248727440834,0.004933349322527647,0.00548544991761446,0.00603755097836256,0.006589651573449373,0.007141752168536186,0.007693852763622999,0.008245953358709812,0.008798054419457912,0.009350154548883438,0.009902255609631538,0.010454356670379639,0.011006456799805164,0.011558557860553265],"_type":"histogram","values":[1,0,0,0,0,0,0,0,0,0,0,0,0,0,0,0,0,0,0,0,0,0,1,0,0,0,0,0,0,0,0,0,0,0,0,1,0,1,0,1,0,0,0,0,0,0,0,0,0,0,0,0,0,0,1,0,0,1,1,0,0,1,0,1]},"train_loss":0.6053258315722148,"epoch":28,"parameters/fc1.bias":{"bins":[0.02347451075911522,0.025475148111581802,0.027475787326693535,0.029476424679160118,0.03147706389427185,0.033477701246738434,0.03547833859920502,0.0374789759516716,0.039479613304138184,0.041480254381895065,0.04348089173436165,0.04548152908682823,0.047482166439294815,0.0494828037917614,0.05148344486951828,0.05348408222198486,0.05548471957445145,0.05748535692691803,0.05948599427938461,0.061486635357141495,0.06348726898431778,0.06548790633678436,0.06748855113983154,0.06948918849229813,0.07148982584476471,0.07349046319723129,0.07549110054969788,0.07749173790216446,0.07949237525463104,0.08149301260709763,0.08349364995956421,0.08549428731203079,0.08749493211507797,0.08949556946754456,0.09149620682001114,0.09349684417247772,0.0954974815249443,0.09749811887741089,0.09949876368045807,0.10149940103292465,0.10350003838539124,0.10550067573785782,0.1075013130903244,0.10950195044279099,0.11150258779525757,0.11350322514772415,0.11550386250019073,0.11750449985265732,0.1195051372051239,0.12150578200817108,0.12350641936063766,0.12550705671310425,0.12750768661499023,0.12950833141803741,0.1315089762210846,0.13350960612297058,0.13551025092601776,0.13751088082790375,0.13951152563095093,0.14151215553283691,0.1435128003358841,0.14551343023777008,0.14751407504081726,0.14951470494270325,0.15151534974575043],"_type":"histogram","values":[1,0,0,0,0,0,0,0,0,0,0,0,0,0,0,0,0,0,0,0,0,0,0,0,0,0,0,0,0,0,0,0,0,0,0,0,0,0,0,0,0,0,0,0,0,0,0,0,1,0,0,0,0,0,0,0,0,0,0,0,0,0,0,1]},"val_loss":0.6561395538614151,"_step":27,"learning_rate":0.001,"_timestamp":1.755703418136134e+09,"gradients/fc1.weight":{"values":[5,2,1,1,4,5,8,5,4,4,8,4,2,11,22,11,10,15,16,21,23,16,21,30,40,20,29,46,41,61,90,404,403,60,57,56,51,69,61,415,34,20,20,16,17,14,11,10,9,7,8,8,8,2,2,2,2,0,1,2,2,1,0,4],"bins":[-0.06749820709228516,-0.06548289209604263,-0.06346757709980011,-0.06145225837826729,-0.05943693965673447,-0.05742162466049194,-0.05540630966424942,-0.0533909909427166,-0.051375675946474075,-0.04936036095023155,-0.04734504222869873,-0.04532972723245621,-0.043314412236213684,-0.04129909351468086,-0.03928377851843834,-0.03726845979690552,-0.035253144800662994,-0.03323782980442047,-0.03122251108288765,-0.029207196086645126,-0.027191879227757454,-0.02517656236886978,-0.02316124737262726,-0.021145930513739586,-0.019130613654851913,-0.01711529679596424,-0.015099980868399143,-0.013084664940834045,-0.011069348081946373,-0.0090540312230587,-0.007038715295493603,-0.005023398902267218,-0.0030080825090408325,-0.0009927661158144474,0.0010225502774119377,0.003037866670638323,0.005053183063864708,0.007068499457091093,0.009083815850317478,0.011099131777882576,0.013114448636770248,0.01512976549565792,0.017145082354545593,0.019160397350788116,0.02117571420967579,0.02319103106856346,0.025206346064805984,0.027221662923693657,0.02923697978258133,0.03125229477882385,0.033267613500356674,0.0352829284965992,0.03729824721813202,0.03931356221437454,0.041328877210617065,0.04334419593214989,0.04535951092839241,0.047374825924634933,0.049390144646167755,0.05140545964241028,0.0534207746386528,0.05543609336018562,0.057451408356428146,0.05946672707796097,0.06148204207420349],"_type":"histogram"},