{"epoch":30,"parameters/fc1.weight":{"bins":[-0.7651802897453308,-0.7353136539459229,-0.7054470181465149,-0.6755804419517517,-0.6457138061523438,-0.6158471703529358,-0.5859805345535278,-0.5561138987541199,-0.5262472629547119,-0.49638065695762634,-0.46651405096054077,-0.4366474151611328,-0.40678077936172485,-0.3769141733646393,-0.3470475375652313,-0.31718093156814575,-0.2873142957687378,-0.25744765996932983,-0.22758105397224426,-0.1977144181728363,-0.16784779727458954,-0.13798117637634277,-0.10811454802751541,-0.07824791967868805,-0.048381298780441284,-0.01851467415690422,0.011351950466632843,0.04121857509016991,0.07108519971370697,0.10095182061195374,0.1308184564113617,0.16068507730960846,0.19055163860321045,0.22041825950145721,0.250284880399704,0.28015151619911194,0.3100181221961975,0.33988475799560547,0.3697513937950134,0.399617999792099,0.42948463559150696,0.4593512713909149,0.4892178773880005,0.5190845131874084,0.5489511489868164,0.5788177847862244,0.6086843609809875,0.6385509967803955,0.6684176325798035,0.6982842683792114,0.7281509041786194,0.7580174803733826,0.7878841161727905,0.8177507519721985,0.8476173877716064,0.8774840235710144,0.9073506593704224,0.9372172355651855,0.9670838713645935,0.9969505071640015,1.0268170833587646,1.0566837787628174,1.0865503549575806,1.1164170503616333,1.1462836265563965],"_type":"histogram","values":[1,0,1,1,1,1,4,0,1,2,5,7,2,6,22,16,28,31,58,131,233,219,157,209,211,149,148,122,120,81,70,55,65,40,19,14,13,12,12,15,9,4,11,6,8,4,2,8,3,0,1,0,4,1,2,2,2,1,0,1,0,0,0,1]},"parameters/fc2.weight":{"bins":[-1.0776547193527222,-1.0484488010406494,-1.0192430019378662,-0.9900370836257935,-0.9608311653137207,-0.9316253066062927,-0.9024194478988647,-0.873213529586792,-0.844007670879364,-0.814801812171936,-0.7855958938598633,-0.7563900351524353,-0.7271841764450073,-0.6979782581329346,-0.6687723994255066,-0.6395664811134338,-0.6103606224060059,-0.5811547636985779,-0.5519488453865051,-0.5227429866790771,-0.4935370981693268,-0.4643312096595764,-0.43512535095214844,-0.40591946244239807,-0.3767135739326477,-0.34750768542289734,-0.318301796913147,-0.289095938205719,-0.25989004969596863,-0.23068416118621826,-0.2014782875776291,-0.17227241396903992,-0.14306652545928955,-0.11386064440011978,-0.08465476334095001,-0.05544888228178024,-0.026243001222610474,0.0029628798365592957,0.032168760895729065,0.061374641954898834,0.0905805230140686,0.11978640407323837,0.14899228513240814,0.17819815874099731,0.20740404725074768,0.23660993576049805,0.265815794467926,0.2950216829776764,0.32422757148742676,0.3534334599971771,0.3826393485069275,0.41184520721435547,0.44105109572410583,0.4702569842338562,0.4994628429412842,0.5286687612533569,0.5578746199607849,0.5870804786682129,0.6162863969802856,0.6454922556877136,0.6746981143951416,0.7039040327072144,0.7331098914146423,0.7623158097267151,0.7915216684341431],"_type":"histogram","values":[1,0,1,0,0,0,0,0,1,0,0,0,0,1,1,1,0,1,0,0,0,0,1,0,0,2,0,1,1,0,0,0,1,1,0,0,0,2,1,0,1,0,0,2,0,1,1,0,0,0,0,0,0,1,1,2,2,1,0,0,0,0,0,1]},"val/loss":0.7328165119632761,"train/loss":0.703792427221934,"gradients/fc2.weight":{"_type":"histogram","values":[1,0,0,0,0,0,1,0,0,0,1,0,0,0,1,0,0,0,0,0,1,2,0,0,0,1,0,0,1,0,1,0,1,0,0,2,0,1,2,1,0,0,1,0,0,1,0,3,1,1,1,1,0,0,0,0,1,0,0,0,1,1,0,1],"bins":[-0.32076749205589294,-0.3120938241481781,-0.30342015624046326,-0.2947464883327484,-0.2860727906227112,-0.27739912271499634,-0.2687254548072815,-0.26005178689956665,-0.2513781189918518,-0.24270445108413696,-0.23403078317642212,-0.22535710036754608,-0.21668343245983124,-0.2080097645521164,-0.19933608174324036,-0.1906624138355255,-0.18198874592781067,-0.17331507802009583,-0.16464141011238098,-0.15596772730350494,-0.1472940593957901,-0.13862039148807526,-0.12994670867919922,-0.12127304077148438,-0.11259937286376953,-0.10392570495605469,-0.09525202959775925,-0.0865783542394638,-0.07790468633174896,-0.06923101842403412,-0.06055734306573868,-0.051883671432733536,-0.043209969997406006,-0.034536298364400864,-0.02586262673139572,-0.01718895509839058,-0.008515283465385437,0.0001583881676197052,0.008832059800624847,0.01750573143362999,0.026179403066635132,0.034853074699640274,0.043526746332645416,0.05220041796565056,0.0608740895986557,0.06954775750637054,0.07822143286466599,0.08689510822296143,0.09556877613067627,0.10424244403839111,0.11291611939668655,0.121589794754982,0.13026346266269684,0.13893713057041168,0.14761081337928772,0.15628448128700256,0.1649581491947174,0.17363181710243225,0.1823054850101471,0.19097916781902313,0.19965283572673798,0.20832650363445282,0.21700018644332886,0.2256738543510437,0.23434752225875854]},"_step":59,"val/accuracy":0.7880833148956299,"gradients/fc2.bias":{"_type":"histogram","values":[1,0,0,0,0,0,0,0,0,0,0,0,0,0,0,0,0,0,0,1,0,0,1,0,0,0,0,0,0,0,0,0,0,0,0,0,0,0,0,0,2,0,0,0,0,1,0,1,0,0,1,0,0,0,0,0,0,0,0,0,0,0,1,1],"bins":[-0.030856266617774963,-0.03007037378847599,-0.029284480959177017,-0.028498588129878044,-0.02771269530057907,-0.026926802471280098,-0.026140909641981125,-0.025355016812682152,-0.02456912398338318,-0.023783233016729355,-0.022997340187430382,-0.02221144735813141,-0.021425554528832436,-0.020639661699533463,-0.01985376887023449,-0.019067876040935516,-0.018281983211636543,-0.01749609038233757,-0.016710197553038597,-0.015924304723739624,-0.015138411894440651,-0.014352519996464252,-0.01356662716716528,-0.012780734337866306,-0.011994841508567333,-0.01120894867926836,-0.010423055849969387,-0.009637163020670414,-0.008851271122694016,-0.008065378293395042,-0.007279485464096069,-0.006493592634797096,-0.005707699805498123,-0.00492180697619915,-0.004135914146900177,-0.0033500217832624912,-0.002564128953963518,-0.0017782362410798669,-0.0009923435281962156,-0.00020645081531256437,0.0005794418975710869,0.0013653346104547381,0.0021512273233383894,0.002937119919806719,0.003723012749105692,0.004508905578404665,0.005294797942042351,0.006080690771341324,0.006866583600640297,0.00765247642993927,0.008438369259238243,0.009224262088537216,0.01001015491783619,0.010796046815812588,0.01158193964511156,0.012367832474410534,0.013153725303709507,0.01393961813300848,0.014725510962307453,0.015511403791606426,0.016297295689582825,0.017083188518881798,0.01786908134818077,0.018654974177479744,0.019440867006778717]},"gradients/fc1.bias":{"values":[1,0,0,0,0,0,0,0,0,0,0,0,0,0,0,0,0,0,0,0,0,0,0,0,0,0,0,0,0,0,0,0,0,0,0,0,0,0,0,0,0,0,0,1,0,0,0,0,0,0,0,0,0,0,0,0,0,0,0,0,0,0,0,1],"bins":[-0.0059626540169119835,-0.005605167709290981,-0.005247681401669979,-0.004890195094048977,-0.004532708786427975,-0.0041752224788069725,-0.0038177361711859703,-0.003460249863564968,-0.003102763555943966,-0.0027452772483229637,-0.0023877909407019615,-0.0020303046330809593,-0.0016728183254599571,-0.001315332017838955,-0.0009578457102179527,-0.0006003594025969505,-0.00024287309497594833,0.00011461321264505386,0.00047209952026605606,0.0008295858278870583,0.0011870721355080605,0.0015445584431290627,0.0019020447507500648,0.002259531058371067,0.0026170173659920692,0.0029745036736130714,0.0033319899812340736,0.003689476288855076,0.004046962596476078,0.00440444890409708,0.004761935211718082,0.005119421519339085,0.0054769087582826614,0.005834395065903664,0.006191881373524666,0.006549367681145668,0.00690685398876667,0.007264340296387672,0.007621826604008675,0.007979312911629677,0.008336799219250679,0.008694285526871681,0.009051771834492683,0.009409258142113686,0.009766744449734688,0.01012423075735569,0.010481717064976692,0.010839203372597694,0.011196689680218697,0.011554175987839699,0.011911662295460701,0.012269148603081703,0.012626634910702705,0.012984121218323708,0.01334160752594471,0.013699093833565712,0.014056580141186714,0.014414066448807716,0.014771552756428719,0.01512903906404972,0.015486525371670723,0.015844011679291725,0.016201497986912727,0.01655898429453373,0.016916470602154732],"_type":"histogram"},"_timestamp":1.755707032170244e+09,"_wandb":{"runtime":112},"_runtime":112,"gradients/fc1.weight":{"_type":"histogram",