{"epoch":14,"parameters/graph_2fc2.bias":{"_type":"histogram","values":[1,0,0,0,0,0,0,0,0,1,0,0,0,0,0,0,0,0,0,0,0,0,0,0,0,0,0,1,0,1,0,0,0,0,0,0,0,0,1,1,0,0,1,0,0,0,0,0,0,0,1,0,0,0,0,0,0,0,1,0,0,0,0,1],"bins":[-0.18311801552772522,-0.1785980612039566,-0.174078106880188,-0.16955813765525818,-0.16503818333148956,-0.16051822900772095,-0.15599827468395233,-0.15147830545902252,-0.1469583511352539,-0.1424383968114853,-0.13791844248771667,-0.13339848816394806,-0.12887851893901825,-0.12435856461524963,-0.11983861029148102,-0.1153186485171318,-0.11079869419336319,-0.10627873986959457,-0.10175877809524536,-0.09723882377147675,-0.09271886199712753,-0.08819890767335892,-0.0836789458990097,-0.07915899157524109,-0.07463903725147247,-0.07011907547712326,-0.06559912115335464,-0.06107915937900543,-0.056559205055236816,-0.0520392470061779,-0.04751928895711899,-0.042999330908060074,-0.03847937285900116,-0.033959414809942245,-0.02943945676088333,-0.024919500574469566,-0.020399542525410652,-0.015879584476351738,-0.011359627358615398,-0.0068396697752177715,-0.0023197121918201447,0.0022002453915774822,0.006720202974975109,0.011240160092711449,0.015760118141770363,0.020280076190829277,0.024800032377243042,0.029319990426301956,0.03383994847536087,0.038359906524419785,0.0428798645734787,0.04739982262253761,0.05191978067159653,0.05643973499536514,0.06095969304442406,0.06547965109348297,0.06999960541725159,0.0745195671916008,0.07903952151536942,0.08355948328971863,0.08807943761348724,0.09259939938783646,0.09711935371160507,0.10163931548595428,0.1061592698097229]},"_timestamp":1.7558572191937401e+09,"gradients/graph_2fc2.bias":{"bins":[-0.010943947359919548,-0.01064838282763958,-0.010352818295359612,-0.010057254694402218,-0.00976169016212225,-0.009466125629842281,-0.009170562028884888,-0.00887499749660492,-0.008579432964324951,-0.008283868432044983,-0.007988303899765015,-0.007692740298807621,-0.007397175766527653,-0.0071016112342476845,-0.0068060471676290035,-0.006510483101010323,-0.006214918568730354,-0.005919354036450386,-0.005623789969831705,-0.005328225903213024,-0.005032661370933056,-0.004737096838653088,-0.004441532772034407,-0.004145968705415726,-0.0038504041731357574,-0.003554839873686433,-0.0032592755742371082,-0.0029637112747877836,-0.002668146975338459,-0.0023725826758891344,-0.00207701837643981,-0.0017814540769904852,-0.0014858907088637352,-0.0011903264094144106,-0.000894762109965086,-0.0005991978105157614,-0.00030363351106643677,-8.06921161711216e-06,0.00028749508783221245,0.0005830593872815371,0.0008786236867308617,0.0011741879861801863,0.0014697522856295109,0.0017653165850788355,0.00206088088452816,0.0023564451839774847,0.0026520094834268093,0.002947573782876134,0.0032431380823254585,0.003538702381774783,0.0038342666812241077,0.004129830747842789,0.004425395280122757,0.004720959812402725,0.005016523879021406,0.005312087945640087,0.005607652477920055,0.005903217010200024,0.006198781076818705,0.0064943451434373856,0.006789909675717354,0.007085474207997322,0.007381038274616003,0.007676602341234684,0.007972166873514652],"_type":"histogram","values":[1,0,0,0,0,0,0,0,0,0,0,0,0,0,0,0,0,0,0,0,0,0,0,0,0,0,0,0,1,1,1,0,0,0,0,0,1,0,1,1,0,0,0,0,1,0,0,0,0,0,0,0,0,0,0,0,0,1,0,0,0,0,0,1]},"train/loss":0.026153818166504302,"parameters/graph_2fc1.bias":{"bins":[-0.06723126769065857,-0.06530100107192993,-0.0633707270026207,-0.06144046038389206,-0.05951019003987312,-0.057579923421144485,-0.05564965307712555,-0.05371938273310661,-0.05178911238908768,-0.04985884577035904,-0.0479285754263401,-0.04599830508232117,-0.04406803846359253,-0.04213776811957359,-0.04020749777555466,-0.03827723115682602,-0.03634696081280708,-0.03441669046878815,-0.03248642385005951,-0.030556153506040573,-0.028625883162021637,-0.02669561468064785,-0.024765346199274063,-0.022835075855255127,-0.02090480737388134,-0.018974538892507553,-0.017044268548488617,-0.01511400006711483,-0.013183730654418468,-0.011253461241722107,-0.00932319276034832,-0.0073929233476519585,-0.0054626502096652985,-0.0035323810297995806,-0.0016021118499338627,0.0003281573299318552,0.002258426509797573,0.004188695922493935,0.006118964869529009,0.008049233816564083,0.009979503229260445,0.011909772641956806,0.013840042054653168,0.015770310536026955,0.01770057901740074,0.019630849361419678,0.021561117842793465,0.0234913881868124,0.025421656668186188,0.027351925149559975,0.02928219549357891,0.031212463974952698,0.033142734318971634,0.03507300093770027,0.03700327128171921,0.038933541625738144,0.04086381196975708,0.04279407858848572,0.044724348932504654,0.04665461927652359,0.04858488589525223,0.050515156239271164,0.0524454265832901,0.05437569320201874,0.056305963546037674],"_type":"histogram","values":[2,0,0,0,0,0,0,0,0,0,2,2,0,0,1,0,0,0,1,1,2,1,0,1,0,0,1,1,3,1,3,2,1,1,1,3,0,3,4,2,1,0,0,0,5,2,1,2,2,3,1,0,1,0,1,1,1,1,0,0,0,0,2,1]},"gradients/graph_2fc2.weight":{"bins":[-0.11896906793117523,-0.11603536456823349,-0.11310166865587234,-0.1101679652929306,-0.10723426938056946,-0.10430056601762772,-0.10136687010526657,-0.09843316674232483,-0.09549947082996368,-0.09256576746702194,-0.0896320715546608,-0.08669836819171906,-0.08376467227935791,-0.08083096891641617,-0.07789727300405502,-0.07496356964111328,-0.07202987372875214,-0.0690961703658104,-0.06616246700286865,-0.06322877109050751,-0.060295071452856064,-0.05736137181520462,-0.05442767217755318,-0.05149397253990173,-0.04856026917695999,-0.04562656953930855,-0.042692869901657104,-0.03975917026400566,-0.03682547062635422,-0.033891770988702774,-0.03095807135105133,-0.028024371713399887,-0.025090672075748444,-0.022156972438097,-0.019223272800445557,-0.016289573162794113,-0.013355872593820095,-0.010422172956168652,-0.007488472852855921,-0.00455477274954319,-0.0016210731118917465,0.0013126267585903406,0.004246326629072428,0.0071800267323851585,0.010113726370036602,0.013047426007688046,0.015981126576662064,0.018914826214313507,0.02184852585196495,0.024782225489616394,0.027715925127267838,0.03064962476491928,0.033583324402570724,0.03651702404022217,0.03945072367787361,0.042384423315525055,0.0453181266784668,0.04825182631611824,0.051185525953769684,0.05411922559142113,0.05705292522907257,0.059986624866724014,0.06292032450437546,0.0658540204167366,0.06878772377967834],"_type":"histogram","values":[1,0,0,1,0,1,0,0,0,0,0,0,1,0,2,1,1,2,0,1,0,0,4,4,2,1,1,1,2,3,2,2,5,9,5,12,17,34,28,55,238,46,30,29,20,16,4,9,6,5,6,5,2,0,2,5,4,6,4,2,1,0,0,2]},"_runtime":52,"gradients/graph_2fc1.bias":{"values":[1,0,0,1,1,1,0,0,0,1,1,0,3,1,4,1,3,1,1,2,4,4,3,0,2,6,1,1,3,2,4,0,3,1,1,2,1,0,0,0,1,0,0,0,0,0,0,0,0,0,0,1,0,0,0,0,0,0,0,0,0,1,0,1],"bins":[-0.0037758294492959976,-0.0036193118430674076,-0.0034627942368388176,-0.0033062766306102276,-0.0031497590243816376,-0.0029932414181530476,-0.0028367238119244576,-0.0026802062056958675,-0.0025236885994672775,-0.002367170760408044,-0.002210653154179454,-0.002054135547950864,-0.0018976179417222738,-0.0017411003354936838,-0.0015845827292650938,-0.0014280651230365038,-0.0012715475168079138,-0.0011150299105793238,-0.0009585123043507338,-0.0008019946399144828,-0.0006454770336858928,-0.0004889594274573028,-0.00033244179212488234,-0.0001759241713443771,-1.940655056387186e-05,0.00013711107021663338,0.0002936286909971386,0.0004501463263295591,0.0006066639325581491,0.0007631815387867391,0.00091969920322299,0.00107621680945158,0.00123273441568017,0.00138925202190876,0.00154576962813735,0.00170228723436594,0.00185880484059453,0.00201532244682312,0.00217184005305171,0.0023283576592803,0.00248487526550889,0.002641393104568124,0.002797910710796714,0.002954428317025304,0.003110945923253894,0.003267463529482484,0.003423981135711074,0.003580498741939664,0.003737016348168254,0.003893533954396844,0.004050051793456078,0.004206569399684668,0.004363087005913258,0.004519604612141848,0.004676122218370438,0.004832639824599028,0.004989157430827618,0.005145675037056208,0.005302192643284798,0.005458710249513388,0.005615227855741978,0.005771745461970568,0.005928263068199158,0.006084780674427748,0.006241298280656338],