{"_timestamp":1.7557068174222898e+09,"parameters/fc2.bias":{"values":[1,1,0,0,0,1,1,0,0,0,0,0,0,0,0,0,0,0,0,0,0,0,0,0,0,0,0,1,0,0,0,0,0,0,0,0,0,0,0,1,0,0,0,0,0,1,0,1,0,0,0,1,0,0,0,0,0,0,0,0,0,0,0,1],"bins":[-3.515946626663208,-3.3950281143188477,-3.2741096019744873,-3.153191089630127,-3.0322725772857666,-2.9113540649414062,-2.790435552597046,-2.6695170402526855,-2.548598527908325,-2.427680015563965,-2.3067615032196045,-2.185842990875244,-2.064924478530884,-1.9440059661865234,-1.823087453842163,-1.7021689414978027,-1.5812504291534424,-1.460331916809082,-1.3394134044647217,-1.2184948921203613,-1.097576379776001,-0.9766578674316406,-0.8557393550872803,-0.7348208427429199,-0.6139023303985596,-0.4929838180541992,-0.37206530570983887,-0.2511467933654785,-0.13022828102111816,-0.009309768676757812,0.11160874366760254,0.2325272560119629,0.35344600677490234,0.4743645191192627,0.595283031463623,0.7162015438079834,0.8371200561523438,0.9580385684967041,1.0789570808410645,1.1998755931854248,1.3207941055297852,1.4417126178741455,1.5626311302185059,1.6835496425628662,1.8044681549072266,1.925386667251587,2.0463051795959473,2.1672236919403076,2.288142204284668,2.4090607166290283,2.5299792289733887,2.650897741317749,2.7718162536621094,2.8927347660064697,3.01365327835083,3.1345717906951904,3.255490303039551,3.376408815383911,3.4973273277282715,3.618245840072632,3.739164352416992,3.8600828647613525,3.981001377105713,4.101920127868652,4.222838401794434],"_type":"histogram"},"parameters/fc2.weight":{"bins":[-2.0284557342529297,-1.9814884662628174,-1.934521198272705,-1.8875540494918823,-1.84058678150177,-1.7936195135116577,-1.7466522455215454,-1.699684977531433,-1.6527178287506104,-1.605750560760498,-1.5587832927703857,-1.5118160247802734,-1.4648487567901611,-1.4178814888000488,-1.370914340019226,-1.3239470720291138,-1.2769798040390015,-1.2300125360488892,-1.1830452680587769,-1.136078119277954,-1.0891108512878418,-1.0421435832977295,-0.9951763153076172,-0.9482091069221497,-0.9012418389320374,-0.854274570941925,-0.8073073625564575,-0.7603400945663452,-0.7133728265762329,-0.6664056181907654,-0.6194383502006531,-0.5724711418151855,-0.5255039930343628,-0.4785367548465729,-0.43156951665878296,-0.38460224866867065,-0.33763501048088074,-0.2906677722930908,-0.2437005192041397,-0.1967332661151886,-0.14976602792739868,-0.10279878228902817,-0.055831536650657654,-0.00886429101228714,0.038102954626083374,0.08507020026445389,0.1320374459028244,0.1790046989917755,0.22597193717956543,0.27293917536735535,0.31990641355514526,0.36687368154525757,0.4138409197330475,0.4608081579208374,0.5077754259109497,0.5547426342964172,0.6017099022865295,0.6486771702766418,0.6956443786621094,0.7426116466522217,0.789578914642334,0.8365461230278015,0.8835133910179138,0.9304805994033813,0.9774478673934937],"_type":"histogram","values":[1,0,0,0,0,0,0,0,0,0,0,0,0,0,0,0,0,0,0,0,0,0,0,1,0,0,1,0,0,0,0,1,0,3,0,0,0,0,0,3,2,1,0,2,1,1,2,1,3,0,0,1,1,0,1,0,0,0,0,1,0,1,1,1]},"gradients/fc1.bias":{"_type":"histogram","values":[1,0,0,0,0,0,0,0,0,0,0,0,0,0,0,0,0,0,0,0,0,0,0,0,0,0,0,0,0,0,0,0,0,1,0,0,0,0,0,0,0,0,0,0,0,0,0,0,0,0,0,0,0,0,0,0,0,0,0,0,0,0,0,1],"bins":[-0.03373219445347786,-0.03271353989839554,-0.03169488534331322,-0.030676230788230896,-0.029657576233148575,-0.028638923540711403,-0.02762026898562908,-0.02660161443054676,-0.02558295987546444,-0.024564305320382118,-0.023545650765299797,-0.022526996210217476,-0.021508343517780304,-0.020489688962697983,-0.01947103440761566,-0.01845237985253334,-0.01743372529745102,-0.016415070742368698,-0.015396416187286377,-0.01437776256352663,-0.01335910800844431,-0.012340453453361988,-0.011321799829602242,-0.01030314527451992,-0.0092844907194376,-0.008265836164355278,-0.007247182074934244,-0.00622852798551321,-0.005209873430430889,-0.004191218875348568,-0.003172564785927534,-0.0021539104636758566,-0.0011352524161338806,-0.0001165980938822031,0.0009020562283694744,0.001920710550621152,0.0029393648728728294,0.003958019427955151,0.0049766735173761845,0.005995327606797218,0.0070139821618795395,0.00803263671696186,0.009051291272044182,0.010069944895803928,0.01108859945088625,0.01210725400596857,0.013125907629728317,0.014144562184810638,0.01516321673989296,0.01618187129497528,0.017200525850057602,0.018219180405139923,0.019237834960222244,0.020256487652659416,0.021275142207741737,0.02229379676282406,0.02331245131790638,0.0243311058729887,0.025349760428071022,0.026368414983153343,0.027387067675590515,0.028405722230672836,0.029424376785755157,0.03044303134083748,0.0314616858959198]},"val/loss":1.0751170966219394,"gradients/fc1.weight":{"_type":"histogram","values":[1,2,2,0,1,0,2,2,2,2,0,0,0,1,0,2,3,2,3,5,4,4,1,9,4,9,11,13,16,7,5,13,23,31,377,42,51,33,34,829,33,52,74,322,53,50,28,34,28,31,26,8,13,7,10,8,8,6,6,2,0,0,2,5],"bins":[-0.11835509538650513,-0.1153220534324646,-0.11228901892900467,-0.10925597697496414,-0.10622294247150421,-0.10318990051746368,-0.10015686601400375,-0.09712382405996323,-0.0940907895565033,-0.09105774760246277,-0.08802470564842224,-0.08499167114496231,-0.08195862919092178,-0.07892559468746185,-0.07589255273342133,-0.0728595182299614,-0.06982647627592087,-0.06679343432188034,-0.06376039981842041,-0.06072736158967018,-0.05769432336091995,-0.054661281406879425,-0.051628243178129196,-0.04859520494937897,-0.04556216672062874,-0.04252912849187851,-0.03949609026312828,-0.03646305203437805,-0.033430010080337524,-0.030396973714232445,-0.027363933622837067,-0.024330895394086838,-0.02129785716533661,-0.01826481893658638,-0.015231779776513577,-0.012198740616440773,-0.009165702387690544,-0.006132663693279028,-0.0030996249988675117,-6.658630445599556e-05,0.0029664523899555206,0.005999491084367037,0.009032529778778553,0.012065568938851357,0.015098607167601585,0.018131645396351814,0.021164685487747192,0.02419772371649742,0.02723076194524765,0.03026380017399788,0.03329683840274811,0.03632987663149834,0.039362914860248566,0.04239595681428909,0.04542899504303932,0.04846203327178955,0.05149507150053978,0.05452810972929001,0.05756114795804024,0.060594186186790466,0.063627228140831,0.06666026264429092,0.06969330459833145,0.07272633910179138,0.07575938105583191]},"parameters/fc1.weight":{"bins":[-0.728963315486908,-0.7011027932167053,-0.6732422709465027,-0.6453817486763,-0.6175212264060974,-0.5896607041358948,-0.5618001818656921,-0.5339396595954895,-0.5060791373252869,-0.47821861505508423,-0.4503580927848816,-0.42249757051467896,-0.3946370482444763,-0.3667765259742737,-0.33891600370407104,-0.3110554814338684,-0.28319495916366577,-0.25533443689346313,-0.2274739146232605,-0.19961339235305786,-0.17175287008285522,-0.1438923478126526,-0.11603182554244995,-0.08817130327224731,-0.06031078100204468,-0.03245025873184204,-0.004589736461639404,0.023270785808563232,0.05113130807876587,0.0789918303489685,0.10685235261917114,0.13471287488937378,0.1625734567642212,0.19043397903442383,0.21829450130462646,0.2461550235748291,0.27401554584503174,0.3018760681152344,0.329736590385437,0.35759711265563965,0.3854576349258423,0.4133181571960449,0.44117867946624756,0.4690392017364502,0.49689972400665283,0.5247602462768555,0.5526207685470581,0.5804812908172607,0.6083418130874634,0.636202335357666,0.6640628576278687,0.6919233798980713,0.7197839021682739,0.7476444244384766,0.7755049467086792,0.8033654689788818,0.8312259912490845,0.8590865135192871,0.8869470357894897,0.9148075580596924,0.942668080329895,0.9705286026000977,0.9983891248703003,1.026249647140503,1.0541101694107056],"_type":"histogram","values":[2,2,2,3,0,2,3,1,3,2,7,5,2,7,6,9,13,20,74,100,74,67,87,107,167,403,509,294,100,52,61,36,22,21,12,9,6,6,5,5,8,3,4,1,0,5,2,1,2,2,1,3,1,0,0,1,2,2,1,3,0,1,1,2]},"val/accuracy":0.6646666526794434,"gradients/fc2.weight":{"_type":"histogram","values":[1,0,0,0,0,0,0,0,0,0,0,0,0,0,0,1,0,0,1,0,0,0,0,0,1,0,0,1,0,1,0,1,0,1,1,1,10,0,0,1,1,0,1,1,0,0,1,0,0,0,1,1,0,1,0,1,0,0,0,0,0,0,0,1],