{"_timestamp":1.755707166817555e+09,"val/loss":0.26380039410705264,"parameters/graph_1fc1.bias":{"_type":"histogram","values":[1,0,0,0,0,0,0,0,0,0,0,0,0,0,0,1,0,0,0,0,0,0,1,0,0,0,0,0,0,1,0,0,0,0,0,0,0,0,0,0,1,1,0,0,0,1,0,0,0,0,0,0,0,0,0,0,0,1,1,0,0,0,0,1],"bins":[-0.047164782881736755,-0.045129068195819855,-0.043093353509902954,-0.04105763882398605,-0.03902192413806915,-0.036986205726861954,-0.03495049104094505,-0.03291477635502815,-0.030879061669111252,-0.02884334698319435,-0.02680763229727745,-0.0247719157487154,-0.0227362010627985,-0.0207004863768816,-0.01866476982831955,-0.01662905514240265,-0.014593340456485748,-0.012557625770568848,-0.010521910153329372,-0.008486194536089897,-0.0064504798501729965,-0.004414764698594809,-0.0023790495470166206,-0.0003433343954384327,0.0016923807561397552,0.003728095907717943,0.005763811059296131,0.007799526210874319,0.009835241362452507,0.011870956048369408,0.013906671665608883,0.015942387282848358,0.01797810196876526,0.02001381665468216,0.02204953134059906,0.02408524788916111,0.02612096257507801,0.02815667726099491,0.03019239380955696,0.03222810849547386,0.03426382318139076,0.03629953786730766,0.038335252553224564,0.040370967239141464,0.04240668565034866,0.044442400336265564,0.046478115022182465,0.048513829708099365,0.050549544394016266,0.052585259079933167,0.05462097376585007,0.05665668845176697,0.05869240313768387,0.06072812154889107,0.06276383250951767,0.06479954719543457,0.06683526933193207,0.06887098401784897,0.07090669870376587,0.07294241338968277,0.07497812807559967,0.07701384276151657,0.07904955744743347,0.08108527213335037,0.08312098681926727]},"_step":27,"gradients/graph_1fc2.bias":{"_type":"histogram","values":[1,0,1,0,0,0,0,0,0,0,0,0,0,1,1,0,0,0,0,0,0,0,0,0,1,0,1,0,1,0,0,0,0,0,0,0,1,0,0,0,0,0,0,0,0,0,0,0,0,0,0,0,0,0,0,0,1,0,0,0,0,0,0,1],"bins":[-0.013038985431194305,-0.012550274841487408,-0.01206156425178051,-0.011572853662073612,-0.011084143072366714,-0.010595432482659817,-0.010106721892952919,-0.009618011303246021,-0.009129300713539124,-0.008640590123832226,-0.008151879534125328,-0.00766316894441843,-0.007174458354711533,-0.006685747765004635,-0.006197037175297737,-0.005708326585590839,-0.005219615995883942,-0.004730905406177044,-0.004242194816470146,-0.0037534842267632484,-0.0032647736370563507,-0.002776063047349453,-0.0022873524576425552,-0.0017986418679356575,-0.0013099312782287598,-0.000821220688521862,-0.0003325100988149643,0.00015620049089193344,0.0006449110805988312,0.001133621670305729,0.0016223322600126266,0.0021110428497195244,0.002599753439426422,0.00308846402913332,0.0035771746188402176,0.004065885208547115,0.004554595798254013,0.005043306387960911,0.0055320169776678085,0.006020727567374706,0.006509438157081604,0.006998148746788502,0.0074868593364953995,0.007975569926202297,0.008464280515909195,0.008952991105616093,0.00944170169532299,0.009930412285029888,0.010419122874736786,0.010907833464443684,0.011396544054150581,0.011885254643857479,0.012373965233564377,0.012862675823271275,0.013351386412978172,0.01384009700268507,0.014328807592391968,0.014817518182098866,0.015306228771805763,0.015794940292835236,0.01628364995121956,0.016772359609603882,0.017261071130633354,0.017749782651662827,0.01823849231004715]},"parameters/graph_1fc2.weight":{"_type":"histogram","values":[1,0,0,0,2,0,0,2,1,1,3,0,0,1,2,1,2,2,0,0,1,1,1,0,4,0,2,1,6,3,1,1,2,2,3,4,0,2,1,1,2,2,3,2,1,0,2,2,3,2,5,0,3,2,4,2,0,1,2,2,1,2,1,2],"bins":[-0.7436853051185608,-0.7246495485305786,-0.7056137919425964,-0.6865780353546143,-0.6675422787666321,-0.6485065221786499,-0.6294708251953125,-0.6104350686073303,-0.5913993120193481,-0.572363555431366,-0.5533277988433838,-0.5342920422554016,-0.5152562856674194,-0.49622052907943726,-0.47718480229377747,-0.4581490457057953,-0.4391132891178131,-0.42007753252983093,-0.40104177594184875,-0.38200604915618896,-0.3629702925682068,-0.3439345359802246,-0.32489877939224243,-0.30586302280426025,-0.2868272662162781,-0.2677915394306183,-0.2487557828426361,-0.22972002625465393,-0.21068426966667175,-0.19164852797985077,-0.1726127713918686,-0.1535770297050476,-0.13454127311706543,-0.11550552397966385,-0.09646977484226227,-0.07743401825428009,-0.05839826911687851,-0.03936251997947693,-0.02032676711678505,-0.0012910161167383194,0.01774473488330841,0.03678048402070999,0.05581623688340187,0.07485198974609375,0.09388773888349533,0.11292348802089691,0.1319592446088791,0.15099498629570007,0.17003074288368225,0.18906649947166443,0.2081022411584854,0.2271379977464676,0.24617373943328857,0.26520949602127075,0.28424525260925293,0.3032810091972351,0.3223167657852173,0.3413524925708771,0.36038824915885925,0.37942400574684143,0.3984597623348236,0.4174955189228058,0.4365312457084656,0.45556700229644775,0.47460275888442993]},"epoch":14,"parameters/graph_1fc1.weight":{"_type":"histogram","values":[2,0,0,0,1,0,2,4,3,1,6,4,1,3,9,11,8,24,19,30,42,36,76,66,93,129,213,275,358,581,682,768,739,712,672,480,381,308,253,193,165,119,108,62,55,51,39,13,12,4,4,2,7,4,2,2,1,1,1,0,1,0,0,2],"bins":[-0.6450389623641968,-0.6256170868873596,-0.6061952114105225,-0.5867733359336853,-0.5673514604568481,-0.547929584980011,-0.5285077095031738,-0.5090858340263367,-0.4896639287471771,-0.47024205327033997,-0.4508201777935028,-0.43139830231666565,-0.4119763970375061,-0.39255452156066895,-0.3731326460838318,-0.35371077060699463,-0.33428889513015747,-0.3148670196533203,-0.29544514417648315,-0.276023268699646,-0.25660139322280884,-0.23717950284481049,-0.21775761246681213,-0.19833573698997498,-0.17891386151313782,-0.15949198603630066,-0.1400701105594635,-0.12064822018146515,-0.10122634470462799,-0.08180446922779083,-0.06238258630037308,-0.04296070709824562,-0.02353888750076294,-0.004117008298635483,0.015304870903491974,0.03472675010561943,0.05414862930774689,0.07357050478458405,0.0929923877120018,0.11241427063941956,0.1318361461162567,0.15125802159309387,0.17067989706993103,0.19010178744792938,0.20952366292476654,0.2289455384016037,0.24836742877960205,0.2677893042564392,0.28721117973327637,0.3066330552101135,0.3260549306869507,0.34547680616378784,0.364898681640625,0.38432058691978455,0.4037424623966217,0.42316433787345886,0.442586213350296,0.4620080888271332,0.48142996430397034,0.5008518695831299,0.520273745059967,0.5396956205368042,0.5591174960136414,0.5785393714904785,0.5979612469673157]},"parameters/graph_1fc2.bias":{"_type":"histogram","values":[1,0,1,0,0,0,0,0,0,1,0,0,0,1,0,0,0,0,0,0,0,1,0,0,0,0,0,0,0,0,0,1,0,0,0,1,0,0,0,0,0,0,0,0,0,0,0,0,0,0,0,0,1,0,0,0,0,1,0,0,0,0,0,1],"bins":[-0.33750981092453003,-0.3296310305595398,-0.32175227999687195,-0.3138734996318817,-0.3059947192668915,-0.29811596870422363,-0.2902371883392334,-0.28235840797424316,-0.2744796574115753,-0.2666008770465851,-0.25872209668159485,-0.250843346118927,-0.24296456575393677,-0.23508580029010773,-0.2272070348262787,-0.21932825446128845,-0.2114494889974594,-0.20357072353363037,-0.19569194316864014,-0.1878131777048111,-0.17993441224098206,-0.17205563187599182,-0.16417686641216278,-0.15629810094833374,-0.1484193205833435,-0.14054055511951447,-0.13266178965568542,-0.12478301674127579,-0.11690424382686615,-0.10902547836303711,-0.10114670544862747,-0.09326793998479843,-0.0853891521692276,-0.07751037925481796,-0.06963161379098892,-0.061752840876579285,-0.053874071687459946,-0.04599530249834061,-0.03811652958393097,-0.03023776039481163,-0.02235899120569229,-0.014480221085250378,-0.006601450964808464,0.0012773191556334496,0.009156089276075363,0.017034858465194702,0.02491362951695919,0.03279240056872368,0.04067116975784302,0.04854993894696236,0.056428708136081696,0.06430748105049133,0.07218624651432037,0.08006501942873001,0.08794379234313965,0.09582255780696869,0.10370133072137833,0.11158010363578796,0.119458869099617,0.12733763456344604,0.13521641492843628,0.14309518039226532,0.15097394585609436,0.1588527262210846,0.16673149168491364]},"train/loss":0.2110341517130534,"_runtime":52,"_wandb":{"runtime":52},"val/accuracy":0.9259999990463257,"gradients/graph_1fc1.bias":{"_type":"histogram",